line_id,txn_id,item_id,quantity,uom,unit_price,batch_no,expiry_date,room_number,remarks
1,1,17,21,liter,4.8,B2606-004,2026-10-24,,
2,1,33,45,piece,0.8,B2606-028,2027-01-26,,
3,1,32,7,tube,1.2,B2606-001,2027-02-24,,
4,2,29,1,bottle,4.5,B2607-036,2027-01-04,319,
5,2,33,4,piece,3.5,B2607-020,2027-04-25,202,
6,3,27,1,bottle,0.3,B2605-012,2027-02-08,,
7,3,10,26,pair,0.45,B2605-027,,,
8,3,16,26,bottle,3.2,B2605-043,2026-12-27,,
9,3,11,9,pack,0.1,B2605-011,,,
10,3,12,26,box,0.6,B2605-045,,,
11,3,40,4,cup,0.6,B2605-025,2026-09-10,,
12,4,13,11,roll,0.35,B2607-018,,,
13,4,26,28,can,0.55,B2607-005,2027-03-16,,
14,5,3,27,piece,0.22,B2604-047,,,
15,5,7,25,piece,0.4,B2604-028,,,
16,5,39,43,can,1.3,B2604-033,2026-09-04,,
17,5,28,29,pack,0.8,B2604-037,2026-10-12,,
18,6,40,37,cup,0.6,B2608-020,2027-06-07,,
19,6,21,25,liter,1.5,B2608-026,2027-04-10,,
20,6,8,40,piece,0.55,B2608-009,,,
21,6,20,17,kg,1.8,B2608-027,2027-05-23,,
22,7,35,2,pack,3.0,B2607-048,2027-01-05,516,
23,7,32,1,tube,4.5,B2607-043,2027-03-31,317,
24,7,39,1,can,5.5,B2607-020,2027-02-03,222,
25,7,38,2,bottle,2.5,B2607-003,2027-02-13,201,
26,7,40,4,cup,4.0,B2607-050,2026-11-17,528,
27,8,7,19,piece,0.4,B2608-012,,,
28,8,28,49,pack,0.8,B2608-034,2027-06-28,,
29,9,39,60,can,1.3,B2607-048,2027-06-24,,
30,9,21,135,liter,1.5,B2607-017,2027-02-27,,
31,9,29,183,bottle,0.7,B2607-018,2027-07-17,,
32,9,33,144,piece,0.8,B2607-041,2027-02-23,,
33,9,28,90,pack,0.8,B2607-029,2026-12-02,,
34,9,38,93,bottle,0.35,B2607-016,2027-03-12,,
35,10,27,39,bottle,0.3,B2605-030,2027-03-07,,
36,10,22,8,liter,3.6,B2605-014,2027-03-10,,
37,11,27,36,bottle,0.3,B2608-002,2027-05-17,,
38,11,35,26,pack,0.5,B2608-043,2027-05-25,,
39,11,39,15,can,1.3,B2608-030,2027-01-03,,
40,11,15,44,liter,2.5,B2608-035,2026-11-12,,
41,11,32,30,tube,1.2,B2608-038,2026-11-12,,
42,11,37,10,piece,1.1,B2608-042,2027-06-06,,
43,11,18,13,bottle,2.1,B2608-030,2027-01-31,,
44,11,28,8,pack,0.8,B2608-017,2027-05-12,,
45,12,31,39,bottle,2.8,B2606-004,2027-03-22,,
46,12,2,19,piece,0.22,B2606-042,,,
47,13,9,164,piece,0.08,B2606-014,,,
48,13,31,139,bottle,2.8,B2606-045,2027-01-10,,
49,13,8,114,piece,0.55,B2606-011,,,
50,14,37,2,piece,5.0,B2606-050,2027-02-18,123,
51,14,31,1,bottle,8.5,B2606-003,2027-03-13,526,
52,14,36,4,piece,3.5,B2606-033,2027-03-10,303,
53,14,28,1,pack,4.0,B2606-032,2026-11-10,427,
54,14,26,4,can,3.5,B2606-030,2026-12-04,321,
55,14,34,4,pack,4.0,B2606-034,2027-02-02,224,
56,15,39,4,can,5.5,B2607-032,2027-04-03,301,
57,15,28,2,pack,4.0,B2607-023,2027-02-28,407,
58,15,37,3,piece,5.0,B2607-039,2027-03-09,329,
59,15,32,1,tube,4.5,B2607-006,2027-02-19,507,
60,16,25,4,can,3.5,B2609-023,2027-07-28,517,
61,16,26,3,can,3.5,B2609-030,2027-05-10,323,
62,16,29,3,bottle,4.5,B2609-008,2027-03-31,308,
63,16,28,3,pack,4.0,B2609-035,2027-03-27,124,
64,16,31,2,bottle,8.5,B2609-031,2027-05-13,224,
65,16,37,3,piece,5.0,B2609-013,2027-05-23,127,
66,16,38,2,bottle,2.5,B2609-020,2026-12-30,306,
67,16,30,2,bottle,8.0,B2609-004,2027-05-21,302,
68,17,39,4,can,5.5,B2604-005,2027-02-16,127,
69,17,30,4,bottle,8.0,B2604-041,2026-08-22,119,
70,17,27,2,bottle,2.5,B2604-037,2026-12-28,226,
71,17,25,1,can,3.5,B2604-036,2027-02-24,204,
72,17,29,2,bottle,4.5,B2604-029,2027-03-09,513,
73,18,14,15,piece,0.5,B2608-001,,,
74,18,17,31,liter,4.8,B2608-029,2027-07-20,,
75,18,6,23,piece,0.05,B2608-003,,,
76,18,11,19,pack,0.1,B2608-019,,,
77,18,16,50,bottle,3.2,B2608-019,2027-07-12,,
78,18,12,9,box,0.6,B2608-044,,,
79,18,5,19,piece,0.3,B2608-017,,,
80,19,30,11,bottle,2.5,B2604-039,2026-12-23,,
81,19,37,16,piece,1.1,B2604-008,2027-03-25,,
82,20,38,3,bottle,2.5,B2608-002,2026-12-21,509,
83,20,36,2,piece,3.5,B2608-002,2027-03-22,519,
84,21,32,26,tube,1.2,B2608-021,2027-01-01,,
85,21,6,15,piece,0.05,B2608-022,,,
86,21,31,31,bottle,2.8,B2608-045,2027-07-20,,
87,21,23,23,can,2.2,B2608-043,2027-06-02,,
88,21,27,40,bottle,0.3,B2608-003,2027-06-29,,
89,22,35,180,pack,0.5,B2604-029,2026-08-24,,
90,22,30,72,bottle,2.5,B2604-018,2026-10-04,,
91,22,27,93,bottle,0.3,B2604-029,2027-04-03,,
92,22,4,51,piece,0.25,B2604-002,,,
93,22,13,181,roll,0.35,B2604-039,,,
94,22,34,81,pack,0.9,B2604-046,2026-10-18,,
95,22,24,99,bottle,5.5,B2604-036,2026-08-05,,
96,22,32,161,tube,1.2,B2604-027,2026-09-14,,
97,23,27,40,bottle,0.3,B2605-010,2027-02-11,,
98,23,31,17,bottle,2.8,B2605-039,2027-04-16,,
99,23,16,13,bottle,3.2,B2605-005,2026-12-18,,
100,23,30,31,bottle,2.5,B2605-022,2027-04-15,,
101,24,23,34,can,2.2,B2606-021,2026-12-19,,
102,24,22,49,liter,3.6,B2606-016,2027-03-29,,
103,24,36,19,piece,0.7,B2606-050,2027-04-12,,
104,24,35,7,pack,0.5,B2606-021,2027-05-14,,
105,24,25,50,can,0.6,B2606-025,2027-03-30,,
106,25,29,18,bottle,0.7,B2604-030,2026-07-16,,
107,25,7,6,piece,0.4,B2604-027,,,
108,26,22,13,liter,3.6,B2607-021,2027-07-04,,
109,26,35,28,pack,0.5,B2607-035,2026-11-15,,
110,27,28,3,pack,4.0,B2605-023,2027-03-06,110,
111,27,32,4,tube,4.5,B2605-034,2027-03-25,208,
112,27,27,2,bottle,2.5,B2605-006,2027-03-10,206,
113,27,36,2,piece,3.5,B2605-038,2026-11-08,430,
114,27,29,2,bottle,4.5,B2605-017,2027-04-19,421,
115,27,25,3,can,3.5,B2605-030,2027-01-21,129,
116,27,35,2,pack,3.0,B2605-023,2027-01-27,115,
117,28,32,3,tube,4.5,B2607-045,2027-03-24,510,
118,28,31,1,bottle,8.5,B2607-001,2026-11-18,409,
119,29,9,24,piece,0.08,B2605-009,,,
120,29,7,3,piece,0.4,B2605-019,,,
121,29,3,11,piece,0.22,B2605-048,,,
122,29,20,14,kg,1.8,B2605-012,2026-12-07,,
123,29,29,5,bottle,0.7,B2605-035,2027-03-02,,
124,29,38,17,bottle,0.35,B2605-033,2027-01-13,,
125,29,24,27,bottle,5.5,B2605-011,2027-01-05,,
126,30,26,3,can,0.55,B2606-026,2026-10-01,,
127,30,36,9,piece,0.7,B2606-035,2026-11-26,,
128,30,24,15,bottle,5.5,B2606-024,2027-02-05,,
129,31,40,49,cup,0.6,B2609-020,2027-07-16,,
130,31,15,12,liter,2.5,B2609-009,2027-01-11,,
131,31,5,7,piece,0.3,B2609-020,,,
132,31,30,36,bottle,2.5,B2609-008,2027-02-06,,
133,32,10,49,pair,0.45,B2607-024,,,
134,32,27,18,bottle,0.3,B2607-029,2027-06-08,,
135,32,7,20,piece,0.4,B2607-024,,,
136,32,32,11,tube,1.2,B2607-044,2027-04-30,,
137,32,39,39,can,1.3,B2607-042,2027-04-25,,
138,32,18,8,bottle,2.1,B2607-026,2027-03-14,,
139,32,3,17,piece,0.22,B2607-008,,,
140,33,16,3,bottle,3.2,B2609-049,2027-04-01,,
141,33,9,19,piece,0.08,B2609-014,,,
142,33,37,27,piece,1.1,B2609-015,2027-06-02,,
143,33,14,25,piece,0.5,B2609-010,,,
144,34,9,13,piece,0.08,B2605-016,,,
145,34,1,20,piece,0.15,B2605-021,,,
146,35,24,148,bottle,5.5,B2605-015,2026-08-23,,
147,35,33,188,piece,0.8,B2605-034,2027-01-02,,
148,35,38,137,bottle,0.35,B2605-042,2026-08-16,,
149,35,7,35,piece,0.4,B2605-031,,,
150,35,29,122,bottle,0.7,B2605-028,2026-09-25,,
151,36,40,29,cup,0.6,B2604-039,2027-04-17,,
152,36,38,23,bottle,0.35,B2604-030,2027-04-04,,
153,36,36,43,piece,0.7,B2604-028,2026-09-08,,
154,36,21,49,liter,1.5,B2604-008,2026-11-07,,
155,37,28,14,pack,0.8,B2606-044,2027-05-24,,
156,37,21,9,liter,1.5,B2606-006,2026-11-06,,
157,37,17,10,liter,4.8,B2606-028,2026-11-12,,
158,37,24,28,bottle,5.5,B2606-009,2026-10-24,,
159,38,4,47,piece,0.25,B2607-031,,,
160,38,19,19,bottle,1.9,B2607-007,2027-04-10,,
161,38,20,40,kg,1.8,B2607-024,2026-12-10,,
162,38,23,22,can,2.2,B2607-037,2027-02-05,,
163,38,7,32,piece,0.4,B2607-036,,,
164,38,33,44,piece,0.8,B2607-040,2026-10-26,,
165,38,14,43,piece,0.5,B2607-043,,,
166,38,10,49,pair,0.45,B2607-018,,,
167,39,26,116,can,0.55,B2606-027,2027-05-14,,
168,39,5,107,piece,0.3,B2606-011,,,
169,39,10,114,pair,0.45,B2606-020,,,
170,39,2,103,piece,0.22,B2606-050,,,
171,39,6,165,piece,0.05,B2606-039,,,
172,39,34,41,pack,0.9,B2606-004,2026-12-12,,
173,39,14,60,piece,0.5,B2606-049,,,
174,40,31,3,bottle,8.5,B2607-019,2027-06-27,404,
175,40,37,3,piece,5.0,B2607-026,2026-11-18,108,
176,40,33,1,piece,3.5,B2607-014,2026-12-30,210,
177,40,26,3,can,3.5,B2607-008,2026-10-24,311,
178,41,23,25,can,2.2,B2605-037,2027-03-09,,
179,41,5,41,piece,0.3,B2605-026,,,
180,41,26,50,can,0.55,B2605-041,2027-03-03,,
181,41,3,23,piece,0.22,B2605-008,,,
182,41,28,30,pack,0.8,B2605-002,2027-01-15,,
183,41,2,15,piece,0.22,B2605-040,,,
184,41,30,34,bottle,2.5,B2605-045,2027-02-03,,
185,41,39,10,can,1.3,B2605-028,2026-09-25,,
186,42,11,27,pack,0.1,B2607-047,,,
187,42,5,46,piece,0.3,B2607-010,,,
188,42,33,20,piece,0.8,B2607-007,2026-12-22,,
189,42,8,21,piece,0.55,B2607-013,,,
190,42,34,16,pack,0.9,B2607-039,2026-12-26,,
191,42,38,46,bottle,0.35,B2607-005,2027-01-07,,
192,42,13,45,roll,0.35,B2607-032,,,
193,42,23,34,can,2.2,B2607-049,2027-05-26,,
194,43,34,1,pack,4.0,B2605-029,2026-08-26,315,
195,43,37,1,piece,5.0,B2605-019,2026-09-15,327,
196,43,29,1,bottle,4.5,B2605-033,2027-02-19,520,
197,43,40,4,cup,4.0,B2605-048,2026-08-28,518,
198,43,25,4,can,3.5,B2605-013,2027-01-18,521,
199,43,30,4,bottle,8.0,B2605-004,2027-03-25,505,
200,43,33,1,piece,3.5,B2605-006,2027-04-22,323,
201,44,34,3,pack,4.0,B2609-041,2027-06-17,502,
202,44,31,1,bottle,8.5,B2609-036,2027-07-13,304,
203,44,39,3,can,5.5,B2609-043,2027-03-14,324,
204,44,37,3,piece,5.0,B2609-043,2027-03-10,119,
205,45,22,12,liter,3.6,B2605-020,2026-11-02,,
206,45,9,7,piece,0.08,B2605-022,,,
207,45,34,25,pack,0.9,B2605-032,2026-11-08,,
208,45,6,8,piece,0.05,B2605-009,,,
209,45,28,5,pack,0.8,B2605-005,2026-12-31,,
210,45,33,28,piece,0.8,B2605-007,2027-04-18,,
211,45,24,25,bottle,5.5,B2605-035,2027-04-28,,
212,45,2,2,piece,0.22,B2605-043,,,
213,46,27,48,bottle,0.3,B2605-047,2026-12-07,,
214,46,24,33,bottle,5.5,B2605-040,2026-12-31,,
215,47,39,4,can,5.5,B2608-027,2027-02-03,517,
216,47,32,2,tube,4.5,B2608-017,2026-12-09,505,
217,47,37,4,piece,5.0,B2608-007,2027-08-04,318,
218,47,29,1,bottle,4.5,B2608-049,2027-02-03,303,
219,48,4,29,piece,0.25,B2604-006,,,
220,48,26,28,can,0.55,B2604-015,2026-08-06,,
221,48,33,25,piece,0.8,B2604-007,2027-01-10,,
222,48,24,14,bottle,5.5,B2604-009,2026-08-11,,
223,48,16,23,bottle,3.2,B2604-031,2026-10-02,,
224,49,31,4,bottle,8.5,B2609-019,2027-04-04,125,
225,49,38,3,bottle,2.5,B2609-016,2027-07-06,102,
226,49,27,4,bottle,2.5,B2609-032,2027-09-04,104,
227,49,33,1,piece,3.5,B2609-016,2027-02-15,519,
228,50,34,37,pack,0.9,B2606-033,2026-09-09,,
229,50,35,29,pack,0.5,B2606-031,2026-09-21,,
230,51,28,3,pack,4.0,B2604-023,2026-12-24,202,
231,51,37,2,piece,5.0,B2604-031,2026-10-05,423,
232,51,34,2,pack,4.0,B2604-050,2027-02-23,123,
233,52,35,187,pack,0.5,B2605-022,2027-01-06,,
234,52,31,51,bottle,2.8,B2605-024,2027-03-31,,
235,52,17,122,liter,4.8,B2605-048,2027-04-02,,
236,52,3,118,piece,0.22,B2605-022,,,
237,52,13,67,roll,0.35,B2605-032,,,
238,52,19,197,bottle,1.9,B2605-032,2027-02-24,,
239,52,23,152,can,2.2,B2605-018,2026-10-01,,
240,52,4,128,piece,0.25,B2605-006,,,
241,53,29,49,bottle,0.7,B2606-029,2027-03-18,,
242,53,39,33,can,1.3,B2606-003,2027-03-19,,
243,53,28,44,pack,0.8,B2606-028,2027-02-07,,
244,53,11,45,pack,0.1,B2606-004,,,
245,54,29,165,bottle,0.7,B2608-003,2027-01-25,,
246,54,3,193,piece,0.22,B2608-029,,,
247,54,9,114,piece,0.08,B2608-024,,,
248,54,5,133,piece,0.3,B2608-049,,,
249,54,16,39,bottle,3.2,B2608-037,2027-01-17,,
250,54,24,155,bottle,5.5,B2608-024,2027-05-30,,
251,54,35,100,pack,0.5,B2608-042,2027-03-30,,
252,54,25,83,can,0.6,B2608-008,2026-11-21,,
253,55,31,2,bottle,8.5,B2608-005,2027-07-09,105,
254,55,34,2,pack,4.0,B2608-044,2027-05-02,403,
255,55,29,3,bottle,4.5,B2608-035,2027-04-17,118,
256,55,36,3,piece,3.5,B2608-046,2027-02-17,223,
257,55,32,3,tube,4.5,B2608-008,2027-03-02,508,
258,56,40,11,cup,0.6,B2604-026,2027-03-08,,
259,56,6,18,piece,0.05,B2604-027,,,
260,56,5,15,piece,0.3,B2604-037,,,
261,57,36,152,piece,0.7,B2607-010,2027-03-27,,
262,57,38,62,bottle,0.35,B2607-011,2027-04-06,,
263,57,12,77,box,0.6,B2607-023,,,
264,57,9,152,piece,0.08,B2607-019,,,
265,57,28,40,pack,0.8,B2607-017,2027-01-31,,
266,57,33,182,piece,0.8,B2607-036,2027-03-12,,
267,57,4,52,piece,0.25,B2607-041,,,
268,57,8,97,piece,0.55,B2607-040,,,
269,58,6,46,piece,0.05,B2605-050,,,
270,58,3,41,piece,0.22,B2605-017,,,
271,59,37,1,piece,5.0,B2608-029,2027-06-04,106,
272,59,29,4,bottle,4.5,B2608-022,2027-01-16,407,
273,59,32,3,tube,4.5,B2608-023,2027-05-27,324,
274,60,10,94,pair,0.45,B2606-025,,,
275,60,7,177,piece,0.4,B2606-027,,,
276,60,4,83,piece,0.25,B2606-011,,,
277,61,26,16,can,0.55,B2605-016,2026-11-27,,
278,61,33,20,piece,0.8,B2605-023,2026-09-02,,
279,62,24,165,bottle,5.5,B2606-036,2026-12-19,,
280,62,26,112,can,0.55,B2606-036,2027-02-05,,
281,62,3,38,piece,0.22,B2606-025,,,
282,62,4,149,piece,0.25,B2606-029,,,
283,63,36,4,piece,3.5,B2605-003,2026-08-20,502,
284,63,37,2,piece,5.0,B2605-031,2027-04-23,326,
285,63,27,4,bottle,2.5,B2605-033,2026-10-11,220,
286,63,28,3,pack,4.0,B2605-011,2027-02-18,511,
287,64,31,5,bottle,2.8,B2608-027,2027-04-12,,
288,64,2,2,piece,0.22,B2608-039,,,
289,64,24,17,bottle,5.5,B2608-017,2027-03-02,,
290,64,22,3,liter,3.6,B2608-038,2027-07-09,,
291,65,21,176,liter,1.5,B2609-031,2027-01-21,,
292,65,27,200,bottle,0.3,B2609-009,2027-09-12,,
293,65,10,73,pair,0.45,B2609-036,,,
294,65,14,103,piece,0.5,B2609-043,,,
295,65,33,142,piece,0.8,B2609-034,2027-07-01,,
296,66,17,23,liter,4.8,B2608-046,2027-02-27,,
297,66,31,49,bottle,2.8,B2608-046,2027-07-21,,
298,66,13,25,roll,0.35,B2608-031,,,
299,66,16,27,bottle,3.2,B2608-036,2027-04-02,,
300,66,18,23,bottle,2.1,B2608-008,2027-05-26,,
301,66,20,30,kg,1.8,B2608-023,2027-01-26,,
302,66,15,23,liter,2.5,B2608-003,2027-04-09,,
303,66,35,50,pack,0.5,B2608-006,2027-05-09,,
304,67,18,8,bottle,2.1,B2605-041,2026-12-20,,
305,67,9,2,piece,0.08,B2605-007,,,
306,67,7,14,piece,0.4,B2605-022,,,
307,67,16,23,bottle,3.2,B2605-031,2026-10-13,,
308,67,37,22,piece,1.1,B2605-050,2026-11-01,,
309,67,4,1,piece,0.25,B2605-036,,,
310,67,34,30,pack,0.9,B2605-011,2027-03-19,,
311,68,26,2,can,3.5,B2609-047,2027-01-01,524,
312,68,39,2,can,5.5,B2609-012,2026-12-31,429,
313,68,37,4,piece,5.0,B2609-048,2027-05-10,406,
314,68,40,1,cup,4.0,B2609-037,2027-02-05,110,
315,69,18,24,bottle,2.1,B2607-030,2027-03-04,,
316,69,13,23,roll,0.35,B2607-012,,,
317,69,8,1,piece,0.55,B2607-048,,,
318,69,22,11,liter,3.6,B2607-019,2027-01-30,,
319,69,11,6,pack,0.1,B2607-040,,,
320,70,12,16,box,0.6,B2608-021,,,
321,70,9,30,piece,0.08,B2608-016,,,
322,71,1,139,piece,0.15,B2607-020,,,
323,71,17,60,liter,4.8,B2607-026,2027-07-06,,
324,71,24,200,bottle,5.5,B2607-050,2027-03-30,,
325,71,16,196,bottle,3.2,B2607-008,2027-03-22,,
326,71,4,114,piece,0.25,B2607-040,,,
327,71,8,76,piece,0.55,B2607-015,,,
328,72,35,4,pack,0.5,B2607-037,2026-12-20,,
329,72,14,3,piece,0.5,B2607-036,,,
330,72,16,18,bottle,3.2,B2607-013,2027-07-25,,
331,72,6,6,piece,0.05,B2607-011,,,
332,72,34,12,pack,0.9,B2607-034,2027-06-07,,
333,72,29,5,bottle,0.7,B2607-044,2027-02-06,,
334,72,36,20,piece,0.7,B2607-032,2026-12-09,,
335,72,24,18,bottle,5.5,B2607-029,2026-11-21,,
336,73,2,18,piece,0.22,B2608-038,,,
337,73,26,9,can,0.55,B2608-003,2027-06-25,,
338,73,17,27,liter,4.8,B2608-045,2026-12-23,,
339,73,1,39,piece,0.15,B2608-004,,,
340,74,27,21,bottle,0.3,B2604-023,2026-09-06,,
341,74,24,6,bottle,5.5,B2604-035,2027-01-25,,
342,74,25,17,can,0.6,B2604-009,2026-10-30,,
343,74,29,27,bottle,0.7,B2604-001,2026-07-19,,
344,74,38,10,bottle,0.35,B2604-030,2027-02-10,,
345,74,36,18,piece,0.7,B2604-025,2026-11-02,,
346,74,6,8,piece,0.05,B2604-030,,,
347,74,9,12,piece,0.08,B2604-010,,,
348,75,7,7,piece,0.4,B2609-029,,,
349,75,39,43,can,1.3,B2609-044,2027-01-09,,
350,76,4,24,piece,0.25,B2607-010,,,
351,76,9,47,piece,0.08,B2607-034,,,
352,76,33,19,piece,0.8,B2607-027,2027-03-22,,
353,76,19,22,bottle,1.9,B2607-004,2027-01-17,,
354,76,15,45,liter,2.5,B2607-044,2027-05-26,,
355,76,21,40,liter,1.5,B2607-032,2026-11-13,,
356,76,35,27,pack,0.5,B2607-042,2027-05-03,,
357,76,16,38,bottle,3.2,B2607-021,2027-05-21,,
358,77,10,13,pair,0.45,B2605-025,,,
359,77,30,20,bottle,2.5,B2605-017,2026-11-28,,
360,77,4,26,piece,0.25,B2605-042,,,
361,77,36,10,piece,0.7,B2605-029,2027-02-21,,
362,77,27,10,bottle,0.3,B2605-035,2026-11-21,,
363,77,37,8,piece,1.1,B2605-018,2027-02-25,,
364,77,34,48,pack,0.9,B2605-039,2026-09-05,,
365,78,14,24,piece,0.5,B2608-008,,,
366,78,13,24,roll,0.35,B2608-049,,,
367,79,30,28,bottle,2.5,B2607-033,2027-06-20,,
368,79,35,34,pack,0.5,B2607-007,2027-06-06,,
369,79,23,25,can,2.2,B2607-014,2027-04-16,,
370,79,20,25,kg,1.8,B2607-027,2026-11-01,,
371,79,17,41,liter,4.8,B2607-015,2026-12-22,,
372,80,16,63,bottle,3.2,B2605-047,2027-02-04,,
373,80,32,63,tube,1.2,B2605-009,2027-04-15,,
374,80,36,67,piece,0.7,B2605-035,2026-09-07,,
375,80,22,154,liter,3.6,B2605-003,2026-09-15,,
376,80,17,191,liter,4.8,B2605-004,2026-08-11,,
377,80,39,125,can,1.3,B2605-009,2026-12-04,,
378,80,35,37,pack,0.5,B2605-046,2026-10-24,,
379,80,30,22,bottle,2.5,B2605-014,2027-04-23,,
380,81,1,23,piece,0.15,B2609-002,,,
381,81,2,37,piece,0.22,B2609-045,,,
382,81,34,48,pack,0.9,B2609-028,2027-03-16,,
383,81,18,11,bottle,2.1,B2609-007,2027-09-09,,
384,81,35,14,pack,0.5,B2609-016,2027-03-23,,
385,82,32,1,tube,4.5,B2606-026,2027-03-19,103,
386,82,36,4,piece,3.5,B2606-004,2026-09-10,516,
387,82,28,2,pack,4.0,B2606-028,2027-02-22,116,
388,82,29,1,bottle,4.5,B2606-003,2027-01-01,530,
389,82,35,2,pack,3.0,B2606-018,2026-09-29,516,
390,83,26,25,can,0.55,B2605-048,2026-10-24,,
391,83,5,26,piece,0.3,B2605-045,,,
392,83,20,24,kg,1.8,B2605-006,2027-04-27,,
393,83,11,24,pack,0.1,B2605-023,,,
394,83,16,2,bottle,3.2,B2605-007,2027-03-25,,
395,83,25,8,can,0.6,B2605-005,2027-02-04,,
396,83,22,20,liter,3.6,B2605-050,2027-03-05,,
397,83,35,25,pack,0.5,B2605-021,2026-08-29,,
398,84,37,3,piece,5.0,B2605-005,2026-10-08,223,
399,84,26,3,can,3.5,B2605-046,2026-11-13,213,
400,84,40,4,cup,4.0,B2605-007,2026-10-12,312,
401,85,29,26,bottle,0.7,B2607-006,2027-03-30,,
402,85,36,161,piece,0.7,B2607-006,2027-03-15,,
403,85,33,118,piece,0.8,B2607-001,2027-02-26,,
404,85,27,125,bottle,0.3,B2607-025,2026-11-12,,
405,85,7,163,piece,0.4,B2607-016,,,
406,86,5,22,piece,0.3,B2605-027,,,
407,86,11,24,pack,0.1,B2605-031,,,
408,86,28,9,pack,0.8,B2605-024,2026-12-18,,
409,87,40,11,cup,0.6,B2607-028,2027-01-02,,
410,87,25,10,can,0.6,B2607-021,2027-02-04,,
411,87,22,16,liter,3.6,B2607-021,2027-01-23,,
412,87,29,13,bottle,0.7,B2607-021,2027-03-23,,
413,88,31,2,bottle,8.5,B2606-047,2027-05-15,501,
414,88,34,2,pack,4.0,B2606-019,2026-10-26,426,
415,89,25,19,can,0.6,B2605-003,2027-02-04,,
416,89,5,19,piece,0.3,B2605-039,,,
417,89,29,4,bottle,0.7,B2605-007,2026-12-09,,
418,89,31,13,bottle,2.8,B2605-011,2026-08-26,,
419,89,26,20,can,0.55,B2605-042,2027-02-24,,
420,89,35,12,pack,0.5,B2605-028,2026-09-27,,
421,89,33,2,piece,0.8,B2605-007,2026-12-14,,
422,89,27,9,bottle,0.3,B2605-033,2027-04-26,,
423,90,7,14,piece,0.4,B2607-023,,,
424,90,19,24,bottle,1.9,B2607-022,2027-05-24,,
425,90,27,18,bottle,0.3,B2607-034,2027-06-07,,
426,90,6,27,piece,0.05,B2607-031,,,
427,90,8,11,piece,0.55,B2607-029,,,
428,91,35,2,pack,3.0,B2604-028,2027-03-10,318,
429,91,40,2,cup,4.0,B2604-012,2026-10-20,421,
430,91,26,4,can,3.5,B2604-048,2026-10-26,401,
431,91,39,4,can,5.5,B2604-025,2026-07-19,514,
432,91,27,2,bottle,2.5,B2604-049,2026-08-18,209,
433,91,28,1,pack,4.0,B2604-024,2026-12-30,506,
434,91,33,2,piece,3.5,B2604-017,2027-03-24,404,
435,91,36,3,piece,3.5,B2604-040,2027-02-02,513,
436,92,40,25,cup,0.6,B2607-008,2027-02-24,,
437,92,38,24,bottle,0.35,B2607-008,2027-01-26,,
438,92,6,28,piece,0.05,B2607-045,,,
439,92,9,14,piece,0.08,B2607-033,,,
440,93,19,44,bottle,1.9,B2607-004,2027-04-17,,
441,93,9,5,piece,0.08,B2607-032,,,
442,93,12,13,box,0.6,B2607-013,,,
443,93,21,29,liter,1.5,B2607-036,2027-07-01,,
444,93,29,46,bottle,0.7,B2607-032,2027-05-13,,
445,94,32,4,tube,4.5,B2608-050,2027-07-13,524,
446,94,29,1,bottle,4.5,B2608-018,2027-05-08,504,
447,94,25,1,can,3.5,B2608-014,2027-06-07,418,
448,94,39,1,can,5.5,B2608-003,2027-06-20,210,
449,94,28,3,pack,4.0,B2608-006,2027-06-14,328,
450,94,33,1,piece,3.5,B2608-048,2027-04-30,207,
451,94,37,4,piece,5.0,B2608-009,2027-02-15,220,
452,94,27,2,bottle,2.5,B2608-023,2027-08-01,119,
453,95,7,20,piece,0.4,B2609-010,,,
454,95,9,50,piece,0.08,B2609-021,,,
455,95,27,20,bottle,0.3,B2609-049,2027-07-16,,
456,95,4,36,piece,0.25,B2609-010,,,
457,95,18,41,bottle,2.1,B2609-041,2027-05-13,,
458,95,39,45,can,1.3,B2609-027,2027-07-07,,
459,95,35,33,pack,0.5,B2609-005,2027-02-12,,
460,96,6,18,piece,0.05,B2607-032,,,
461,96,30,22,bottle,2.5,B2607-021,2027-03-18,,
462,96,23,26,can,2.2,B2607-036,2026-12-29,,
463,96,5,41,piece,0.3,B2607-032,,,
464,96,35,26,pack,0.5,B2607-044,2026-11-17,,
465,96,26,7,can,0.55,B2607-007,2027-06-16,,
466,96,14,6,piece,0.5,B2607-008,,,
467,96,28,15,pack,0.8,B2607-029,2027-06-14,,
468,97,6,33,piece,0.05,B2609-026,,,
469,97,24,180,bottle,5.5,B2609-020,2027-04-21,,
470,97,17,129,liter,4.8,B2609-042,2027-02-07,,
471,97,11,200,pack,0.1,B2609-007,,,
472,98,22,118,liter,3.6,B2605-006,2026-09-23,,
473,98,8,46,piece,0.55,B2605-021,,,
474,98,28,114,pack,0.8,B2605-020,2026-10-11,,
475,98,9,117,piece,0.08,B2605-050,,,
476,98,31,54,bottle,2.8,B2605-042,2026-10-14,,
477,98,5,37,piece,0.3,B2605-034,,,
478,98,15,164,liter,2.5,B2605-001,2026-10-25,,
479,99,8,27,piece,0.55,B2607-028,,,
480,99,38,25,bottle,0.35,B2607-009,2027-02-16,,
481,99,25,22,can,0.6,B2607-042,2026-11-25,,
482,100,26,20,can,0.55,B2609-032,2027-06-30,,
483,100,19,12,bottle,1.9,B2609-016,2027-08-27,,
484,100,4,45,piece,0.25,B2609-039,,,
485,101,12,75,box,0.6,B2606-003,,,
486,101,31,35,bottle,2.8,B2606-026,2027-06-05,,
487,101,5,93,piece,0.3,B2606-041,,,
488,101,2,148,piece,0.22,B2606-050,,,
489,101,38,126,bottle,0.35,B2606-028,2027-04-12,,
490,101,1,41,piece,0.15,B2606-041,,,
491,101,17,157,liter,4.8,B2606-035,2026-12-06,,
492,102,38,8,bottle,0.35,B2608-016,2026-12-21,,
493,102,5,32,piece,0.3,B2608-008,,,
494,102,20,34,kg,1.8,B2608-040,2026-12-05,,
495,102,28,24,pack,0.8,B2608-043,2027-02-04,,
496,102,16,12,bottle,3.2,B2608-001,2027-01-16,,
497,103,29,1,bottle,4.5,B2606-028,2027-02-12,111,
498,103,36,1,piece,3.5,B2606-037,2026-11-04,323,
499,103,37,4,piece,5.0,B2606-024,2026-10-24,417,
500,103,40,4,cup,4.0,B2606-024,2026-12-15,506,
501,104,16,35,bottle,3.2,B2605-024,2027-03-11,,
502,104,3,14,piece,0.22,B2605-012,,,
503,105,5,17,piece,0.3,B2605-044,,,
504,105,37,29,piece,1.1,B2605-004,2026-11-25,,
505,105,24,8,bottle,5.5,B2605-034,2026-09-18,,
506,105,8,13,piece,0.55,B2605-005,,,
507,106,13,24,roll,0.35,B2606-040,,,
508,106,19,8,bottle,1.9,B2606-030,2027-03-28,,
509,106,37,19,piece,1.1,B2606-032,2026-12-30,,
510,106,20,24,kg,1.8,B2606-035,2027-01-24,,
511,107,25,35,can,0.6,B2605-010,2027-01-18,,
512,107,20,43,kg,1.8,B2605-003,2026-12-24,,
513,107,7,153,piece,0.4,B2605-027,,,
514,107,14,199,piece,0.5,B2605-024,,,
515,107,34,137,pack,0.9,B2605-048,2026-10-10,,
516,107,16,168,bottle,3.2,B2605-007,2027-05-13,,
517,107,27,54,bottle,0.3,B2605-041,2027-03-17,,
518,107,32,39,tube,1.2,B2605-038,2026-09-28,,
519,108,21,13,liter,1.5,B2606-050,2026-11-06,,
520,108,40,14,cup,0.6,B2606-007,2026-12-05,,
521,108,29,33,bottle,0.7,B2606-030,2027-02-19,,
522,108,18,31,bottle,2.1,B2606-008,2027-06-13,,
523,108,15,27,liter,2.5,B2606-050,2026-12-27,,
524,108,5,33,piece,0.3,B2606-020,,,
525,108,13,34,roll,0.35,B2606-017,,,
526,109,21,22,liter,1.5,B2609-020,2027-05-04,,
527,109,10,27,pair,0.45,B2609-012,,,
528,109,6,1,piece,0.05,B2609-026,,,
529,109,16,28,bottle,3.2,B2609-029,2027-04-28,,
530,109,23,4,can,2.2,B2609-030,2027-02-12,,
531,109,26,26,can,0.55,B2609-009,2027-02-22,,
532,109,33,1,piece,0.8,B2609-004,2027-04-14,,
533,109,4,5,piece,0.25,B2609-013,,,
534,110,39,16,can,1.3,B2608-004,2027-02-20,,
535,110,37,20,piece,1.1,B2608-028,2027-06-16,,
536,110,27,17,bottle,0.3,B2608-002,2027-06-09,,
537,110,26,15,can,0.55,B2608-012,2027-05-26,,
538,110,30,8,bottle,2.5,B2608-012,2027-04-15,,
539,110,40,10,cup,0.6,B2608-029,2027-02-10,,
540,110,25,3,can,0.6,B2608-040,2027-03-31,,
541,111,29,2,bottle,4.5,B2608-002,2027-05-31,526,
542,111,31,3,bottle,8.5,B2608-032,2027-05-12,418,
543,111,28,3,pack,4.0,B2608-012,2026-11-30,409,
544,111,35,3,pack,3.0,B2608-002,2027-04-09,508,
545,111,33,1,piece,3.5,B2608-023,2027-03-16,417,
546,112,25,13,can,0.6,B2609-038,2026-12-29,,
547,112,23,13,can,2.2,B2609-037,2027-02-25,,
548,112,12,20,box,0.6,B2609-013,,,
549,112,38,17,bottle,0.35,B2609-035,2027-05-22,,
550,112,16,7,bottle,3.2,B2609-032,2027-01-03,,
551,112,21,4,liter,1.5,B2609-004,2027-04-13,,
552,113,35,3,pack,3.0,B2604-010,2026-09-10,101,
553,113,36,1,piece,3.5,B2604-024,2026-08-06,528,
554,113,27,3,bottle,2.5,B2604-007,2026-12-19,419,
555,114,40,49,cup,0.6,B2607-019,2026-12-23,,
556,114,23,16,can,2.2,B2607-047,2026-10-19,,
557,114,15,49,liter,2.5,B2607-037,2027-05-07,,
558,114,12,41,box,0.6,B2607-003,,,
559,114,25,16,can,0.6,B2607-039,2027-03-30,,
560,114,20,44,kg,1.8,B2607-015,2026-12-11,,
561,115,22,1,liter,3.6,B2604-017,2026-11-03,,
562,115,29,8,bottle,0.7,B2604-045,2026-08-22,,
563,116,25,41,can,0.6,B2604-042,2026-11-04,,
564,116,23,15,can,2.2,B2604-029,2026-08-18,,
565,116,35,7,pack,0.5,B2604-019,2026-07-22,,
566,116,7,25,piece,0.4,B2604-017,,,
567,116,31,11,bottle,2.8,B2604-005,2027-01-03,,
568,117,11,72,pack,0.1,B2604-013,,,
569,117,39,124,can,1.3,B2604-045,2026-12-01,,
570,117,28,189,pack,0.8,B2604-019,2026-12-18,,
571,117,40,80,cup,0.6,B2604-007,2026-08-13,,
572,117,4,120,piece,0.25,B2604-037,,,
573,117,7,160,piece,0.4,B2604-032,,,
574,117,22,59,liter,3.6,B2604-004,2027-01-19,,
575,118,19,49,bottle,1.9,B2609-020,2027-07-07,,
576,118,6,140,piece,0.05,B2609-032,,,
577,118,31,189,bottle,2.8,B2609-017,2027-01-31,,
578,119,33,4,piece,3.5,B2607-018,2026-11-02,308,
579,119,32,2,tube,4.5,B2607-043,2027-03-27,103,
580,120,31,3,bottle,2.8,B2608-033,2027-08-09,,
581,120,37,20,piece,1.1,B2608-044,2027-02-01,,
582,120,16,5,bottle,3.2,B2608-049,2027-07-05,,
583,120,40,7,cup,0.6,B2608-011,2027-03-06,,
584,120,20,8,kg,1.8,B2608-009,2026-12-09,,
585,120,6,15,piece,0.05,B2608-006,,,
586,120,26,15,can,0.55,B2608-013,2027-02-01,,
587,121,18,26,bottle,2.1,B2604-045,2027-04-10,,
588,121,34,26,pack,0.9,B2604-027,2026-09-12,,
589,121,30,14,bottle,2.5,B2604-010,2026-09-30,,
590,121,1,19,piece,0.15,B2604-038,,,
591,122,27,41,bottle,0.3,B2608-039,2027-07-21,,
592,122,17,7,liter,4.8,B2608-012,2027-04-11,,
593,122,25,30,can,0.6,B2608-010,2027-06-14,,
594,122,32,7,tube,1.2,B2608-026,2027-05-09,,
595,123,34,2,pack,4.0,B2606-029,2027-02-17,324,
596,123,29,3,bottle,4.5,B2606-042,2026-10-21,420,
597,123,39,2,can,5.5,B2606-027,2027-05-12,407,
598,123,32,3,tube,4.5,B2606-011,2026-10-09,117,
599,123,36,3,piece,3.5,B2606-009,2027-06-01,513,
600,123,35,1,pack,3.0,B2606-013,2026-10-05,207,
601,123,26,2,can,3.5,B2606-004,2027-03-09,115,
602,123,28,2,pack,4.0,B2606-030,2027-05-22,312,
603,124,38,49,bottle,0.35,B2606-006,2027-01-22,,
604,124,36,6,piece,0.7,B2606-025,2026-09-24,,
605,124,23,15,can,2.2,B2606-037,2026-12-17,,
606,124,11,19,pack,0.1,B2606-042,,,
607,124,17,19,liter,4.8,B2606-044,2026-12-13,,
608,125,1,29,piece,0.15,B2609-023,,,
609,125,15,34,liter,2.5,B2609-017,2027-04-11,,
610,125,17,34,liter,4.8,B2609-020,2027-09-13,,
611,125,20,44,kg,1.8,B2609-026,2027-02-11,,
612,125,18,5,bottle,2.1,B2609-033,2027-06-30,,
613,125,28,40,pack,0.8,B2609-042,2027-05-14,,
614,126,20,20,kg,1.8,B2604-004,2027-02-07,,
615,126,13,47,roll,0.35,B2604-021,,,
616,126,10,48,pair,0.45,B2604-009,,,
617,126,34,6,pack,0.9,B2604-042,2027-03-27,,
618,127,13,18,roll,0.35,B2607-020,,,
619,127,22,7,liter,3.6,B2607-043,2027-01-11,,
620,127,15,11,liter,2.5,B2607-007,2027-06-09,,
621,127,35,6,pack,0.5,B2607-048,2027-02-20,,
622,127,31,19,bottle,2.8,B2607-049,2027-01-12,,
623,127,23,12,can,2.2,B2607-042,2026-11-25,,
624,128,8,9,piece,0.55,B2607-031,,,
625,128,31,17,bottle,2.8,B2607-033,2026-12-15,,
626,128,4,48,piece,0.25,B2607-025,,,
627,128,38,38,bottle,0.35,B2607-020,2027-05-14,,
628,128,40,8,cup,0.6,B2607-010,2026-12-24,,
629,129,6,7,piece,0.05,B2608-021,,,
630,129,32,3,tube,1.2,B2608-001,2027-07-11,,
631,129,22,10,liter,3.6,B2608-014,2027-02-16,,
632,130,28,39,pack,0.8,B2604-013,2027-01-29,,
633,130,31,5,bottle,2.8,B2604-021,2027-04-19,,
634,130,25,17,can,0.6,B2604-002,2026-07-24,,
635,130,1,45,piece,0.15,B2604-047,,,
636,130,3,20,piece,0.22,B2604-015,,,
637,131,26,3,can,3.5,B2605-034,2027-04-27,424,
638,131,29,3,bottle,4.5,B2605-044,2026-10-09,429,
639,132,9,42,piece,0.08,B2605-033,,,
640,132,14,15,piece,0.5,B2605-008,,,
641,132,2,28,piece,0.22,B2605-046,,,
642,133,28,1,pack,4.0,B2609-008,2027-07-11,123,
643,133,35,4,pack,3.0,B2609-036,2027-04-18,404,
644,134,34,23,pack,0.9,B2609-008,2027-02-16,,
645,134,18,36,bottle,2.1,B2609-013,2027-04-05,,
646,134,9,21,piece,0.08,B2609-034,,,
647,134,27,17,bottle,0.3,B2609-023,2027-07-21,,
648,134,7,23,piece,0.4,B2609-011,,,
649,134,33,7,piece,0.8,B2609-036,2027-09-04,,
650,134,8,18,piece,0.55,B2609-045,,,
651,135,32,29,tube,1.2,B2604-017,2026-10-26,,
652,135,10,15,pair,0.45,B2604-019,,,
653,135,6,9,piece,0.05,B2604-030,,,
654,135,33,2,piece,0.8,B2604-007,2026-09-27,,
655,135,5,28,piece,0.3,B2604-003,,,
656,135,7,28,piece,0.4,B2604-019,,,
657,136,11,33,pack,0.1,B2604-040,,,
658,136,22,22,liter,3.6,B2604-047,2026-09-14,,
659,136,23,28,can,2.2,B2604-022,2026-10-30,,
660,137,11,165,pack,0.1,B2606-044,,,
661,137,8,132,piece,0.55,B2606-012,,,
662,137,9,176,piece,0.08,B2606-025,,,
663,137,4,111,piece,0.25,B2606-040,,,
664,137,40,27,cup,0.6,B2606-044,2026-11-12,,
665,137,7,143,piece,0.4,B2606-032,,,
666,137,27,48,bottle,0.3,B2606-027,2027-04-20,,
667,137,31,31,bottle,2.8,B2606-005,2027-01-18,,
668,138,32,2,tube,4.5,B2609-040,2027-01-14,529,
669,138,40,1,cup,4.0,B2609-031,2027-08-28,217,
670,138,30,2,bottle,8.0,B2609-032,2027-05-31,125,
671,138,35,2,pack,3.0,B2609-004,2027-09-03,309,
672,138,37,2,piece,5.0,B2609-025,2027-07-12,521,
673,138,36,2,piece,3.5,B2609-029,2027-08-04,115,
674,138,31,1,bottle,8.5,B2609-021,2027-02-16,415,
675,139,39,3,can,1.3,B2607-015,2027-05-31,,
676,139,20,12,kg,1.8,B2607-036,2027-06-10,,
677,139,33,13,piece,0.8,B2607-046,2027-05-30,,
678,139,36,5,piece,0.7,B2607-007,2027-02-01,,
679,139,14,2,piece,0.5,B2607-022,,,
680,139,30,13,bottle,2.5,B2607-041,2027-03-09,,
681,139,22,19,liter,3.6,B2607-034,2027-04-20,,
682,139,24,5,bottle,5.5,B2607-003,2027-01-03,,
683,140,30,11,bottle,2.5,B2606-049,2027-04-03,,
684,140,13,7,roll,0.35,B2606-041,,,
685,140,22,48,liter,3.6,B2606-038,2026-11-05,,
686,141,26,2,can,3.5,B2609-047,2027-02-18,506,
687,141,33,1,piece,3.5,B2609-039,2027-05-28,422,
688,141,31,4,bottle,8.5,B2609-045,2027-04-21,420,
689,141,34,3,pack,4.0,B2609-019,2027-08-03,411,
690,141,32,2,tube,4.5,B2609-039,2027-09-03,214,
691,141,39,3,can,5.5,B2609-021,2027-04-05,528,
692,142,21,48,liter,1.5,B2609-048,2027-09-18,,
693,142,8,23,piece,0.55,B2609-028,,,
694,142,23,5,can,2.2,B2609-034,2027-02-11,,
695,142,36,6,piece,0.7,B2609-025,2027-03-03,,
696,142,31,8,bottle,2.8,B2609-043,2027-01-16,,
697,142,27,17,bottle,0.3,B2609-018,2027-03-11,,
698,143,7,9,piece,0.4,B2604-033,,,
699,143,40,11,cup,0.6,B2604-045,2026-08-08,,
700,143,36,14,piece,0.7,B2604-025,2027-02-13,,
701,143,15,12,liter,2.5,B2604-036,2026-08-11,,
702,143,25,2,can,0.6,B2604-048,2026-11-20,,
703,144,19,48,bottle,1.9,B2609-005,2027-03-14,,
704,144,29,16,bottle,0.7,B2609-048,2027-08-29,,
705,144,12,12,box,0.6,B2609-025,,,
706,145,10,180,pair,0.45,B2605-040,,,
707,145,3,189,piece,0.22,B2605-020,,,
708,145,21,145,liter,1.5,B2605-037,2027-02-01,,
709,145,39,38,can,1.3,B2605-046,2027-01-11,,
710,145,4,154,piece,0.25,B2605-015,,,
711,146,22,19,liter,3.6,B2607-049,2026-10-18,,
712,146,40,5,cup,0.6,B2607-043,2027-04-09,,
713,146,24,16,bottle,5.5,B2607-016,2027-02-15,,
714,146,19,3,bottle,1.9,B2607-044,2027-03-27,,
715,146,14,14,piece,0.5,B2607-008,,,
716,146,34,14,pack,0.9,B2607-017,2027-03-07,,
717,146,31,2,bottle,2.8,B2607-034,2027-04-23,,
718,147,7,39,piece,0.4,B2604-035,,,
719,147,11,5,pack,0.1,B2604-041,,,
720,148,10,137,pair,0.45,B2604-046,,,
721,148,2,104,piece,0.22,B2604-003,,,
722,149,29,119,bottle,0.7,B2606-044,2026-11-01,,
723,149,26,156,can,0.55,B2606-001,2026-10-04,,
724,149,28,169,pack,0.8,B2606-003,2026-10-09,,
725,149,21,111,liter,1.5,B2606-033,2026-10-26,,
726,149,2,94,piece,0.22,B2606-044,,,
727,150,15,24,liter,2.5,B2607-044,2027-04-29,,
728,150,9,5,piece,0.08,B2607-036,,,
729,150,26,40,can,0.55,B2607-010,2026-12-22,,
730,150,35,7,pack,0.5,B2607-001,2027-05-09,,
731,150,19,39,bottle,1.9,B2607-036,2026-12-02,,
732,150,10,24,pair,0.45,B2607-014,,,
733,151,33,2,piece,3.5,B2607-004,2027-06-06,528,
734,151,28,1,pack,4.0,B2607-005,2027-02-18,322,
735,151,26,1,can,3.5,B2607-038,2027-06-19,224,
736,152,21,12,liter,1.5,B2609-040,2027-05-23,,
737,152,32,20,tube,1.2,B2609-010,2027-06-22,,
738,152,29,12,bottle,0.7,B2609-028,2027-03-14,,
739,153,22,161,liter,3.6,B2609-007,2027-03-28,,
740,153,31,185,bottle,2.8,B2609-039,2027-02-08,,
741,153,30,91,bottle,2.5,B2609-009,2027-09-30,,
742,153,29,70,bottle,0.7,B2609-017,2027-02-06,,
743,153,23,39,can,2.2,B2609-002,2027-09-14,,
744,153,20,181,kg,1.8,B2609-002,2027-07-24,,
745,153,32,171,tube,1.2,B2609-014,2027-01-16,,
746,154,33,47,piece,0.8,B2607-016,2026-12-24,,
747,154,6,37,piece,0.05,B2607-009,,,
748,154,26,33,can,0.55,B2607-011,2026-12-31,,
749,154,24,41,bottle,5.5,B2607-037,2026-12-14,,
750,154,40,35,cup,0.6,B2607-023,2026-10-21,,
751,154,1,19,piece,0.15,B2607-049,,,
752,155,25,7,can,0.6,B2607-042,2027-03-16,,
753,155,31,11,bottle,2.8,B2607-046,2027-06-25,,
754,155,30,45,bottle,2.5,B2607-018,2027-02-13,,
755,155,3,42,piece,0.22,B2607-035,,,
756,156,26,37,can,0.55,B2607-009,2027-05-14,,
757,156,23,15,can,2.2,B2607-015,2026-11-09,,
758,156,39,37,can,1.3,B2607-042,2027-02-21,,
759,156,32,18,tube,1.2,B2607-010,2027-01-04,,
760,156,31,15,bottle,2.8,B2607-024,2026-11-30,,
761,156,1,47,piece,0.15,B2607-015,,,
762,157,27,45,bottle,0.3,B2608-033,2026-11-20,,
763,157,2,41,piece,0.22,B2608-010,,,
764,157,16,8,bottle,3.2,B2608-011,2027-03-12,,
765,157,3,16,piece,0.22,B2608-034,,,
766,157,9,30,piece,0.08,B2608-039,,,
767,157,11,41,pack,0.1,B2608-041,,,
768,157,36,6,piece,0.7,B2608-047,2027-03-25,,
769,158,27,30,bottle,0.3,B2609-030,2027-01-06,,
770,158,39,8,can,1.3,B2609-025,2027-06-17,,
771,158,10,5,pair,0.45,B2609-007,,,
772,158,12,1,box,0.6,B2609-013,,,
773,158,33,17,piece,0.8,B2609-033,2027-07-04,,
774,158,17,27,liter,4.8,B2609-010,2027-01-20,,
775,158,11,6,pack,0.1,B2609-031,,,
776,158,22,29,liter,3.6,B2609-040,2026-12-21,,
777,159,28,8,pack,0.8,B2608-031,2027-05-14,,
778,159,34,12,pack,0.9,B2608-038,2026-12-20,,
779,159,27,14,bottle,0.3,B2608-009,2027-03-10,,
780,159,24,16,bottle,5.5,B2608-050,2027-02-27,,
781,159,3,30,piece,0.22,B2608-006,,,
782,159,39,10,can,1.3,B2608-039,2027-05-28,,
783,159,40,9,cup,0.6,B2608-013,2026-11-02,,
784,160,35,3,pack,3.0,B2608-037,2027-05-16,514,
785,160,31,3,bottle,8.5,B2608-014,2027-06-09,425,
786,160,30,4,bottle,8.0,B2608-036,2027-07-15,212,
787,160,26,3,can,3.5,B2608-023,2027-06-01,319,
788,160,27,2,bottle,2.5,B2608-015,2027-06-26,124,
789,160,39,2,can,5.5,B2608-033,2027-06-03,107,
790,160,34,3,pack,4.0,B2608-045,2026-12-06,520,
791,160,29,2,bottle,4.5,B2608-001,2026-12-26,421,
792,161,25,16,can,0.6,B2604-001,2026-11-02,,
793,161,26,18,can,0.55,B2604-019,2026-10-29,,
794,161,34,3,pack,0.9,B2604-039,2027-04-09,,
795,161,19,18,bottle,1.9,B2604-045,2026-11-17,,
796,161,4,7,piece,0.25,B2604-044,,,
797,161,12,3,box,0.6,B2604-024,,,
798,161,32,9,tube,1.2,B2604-042,2026-07-22,,
799,162,34,4,pack,0.9,B2607-036,2027-03-04,,
800,162,1,19,piece,0.15,B2607-038,,,
801,162,5,13,piece,0.3,B2607-023,,,
802,163,12,19,box,0.6,B2609-005,,,
803,163,27,18,bottle,0.3,B2609-019,2027-05-25,,
804,163,33,5,piece,0.8,B2609-033,2027-04-12,,
805,163,7,19,piece,0.4,B2609-037,,,
806,164,30,29,bottle,2.5,B2608-041,2027-03-13,,
807,164,40,48,cup,0.6,B2608-045,2027-03-18,,
808,164,38,25,bottle,0.35,B2608-027,2027-05-20,,
809,164,2,38,piece,0.22,B2608-035,,,
810,164,31,5,bottle,2.8,B2608-045,2027-04-04,,
811,164,8,20,piece,0.55,B2608-019,,,
812,164,17,10,liter,4.8,B2608-026,2027-05-15,,
813,164,5,9,piece,0.3,B2608-036,,,
814,165,13,8,roll,0.35,B2606-013,,,
815,165,32,27,tube,1.2,B2606-016,2027-03-29,,
816,165,40,5,cup,0.6,B2606-050,2026-11-21,,
817,165,16,4,bottle,3.2,B2606-006,2027-06-07,,
818,165,37,20,piece,1.1,B2606-001,2026-10-19,,
819,165,17,28,liter,4.8,B2606-031,2027-04-06,,
820,165,14,20,piece,0.5,B2606-021,,,
821,166,9,7,piece,0.08,B2605-033,,,
822,166,4,27,piece,0.25,B2605-026,,,
823,166,34,48,pack,0.9,B2605-050,2026-11-12,,
824,166,28,34,pack,0.8,B2605-008,2027-05-07,,
825,166,31,34,bottle,2.8,B2605-021,2026-08-19,,
826,166,35,5,pack,0.5,B2605-044,2026-11-30,,
827,167,40,32,cup,0.6,B2607-014,2027-05-02,,
828,167,22,49,liter,3.6,B2607-049,2027-04-08,,
829,167,24,28,bottle,5.5,B2607-026,2027-02-20,,
830,167,12,33,box,0.6,B2607-012,,,
831,167,32,41,tube,1.2,B2607-009,2027-01-25,,
832,168,10,18,pair,0.45,B2608-035,,,
833,168,31,12,bottle,2.8,B2608-032,2027-04-21,,
834,168,1,10,piece,0.15,B2608-036,,,
835,168,12,20,box,0.6,B2608-004,,,
836,168,27,14,bottle,0.3,B2608-007,2027-02-10,,
837,168,32,3,tube,1.2,B2608-014,2027-03-29,,
838,168,9,17,piece,0.08,B2608-041,,,
839,169,27,109,bottle,0.3,B2607-044,2027-01-09,,
840,169,8,167,piece,0.55,B2607-037,,,
841,170,39,2,can,5.5,B2606-022,2027-05-01,221,
842,170,40,4,cup,4.0,B2606-011,2027-03-22,103,
843,170,26,2,can,3.5,B2606-042,2027-02-24,311,
844,170,31,3,bottle,8.5,B2606-026,2027-02-13,521,
845,170,34,4,pack,4.0,B2606-038,2027-06-21,324,
846,170,29,4,bottle,4.5,B2606-012,2026-10-09,406,
847,170,32,2,tube,4.5,B2606-017,2026-11-07,222,
848,171,26,10,can,0.55,B2604-007,2026-12-05,,
849,171,34,44,pack,0.9,B2604-010,2026-09-05,,
850,172,29,3,bottle,4.5,B2605-035,2027-01-13,415,
851,172,27,4,bottle,2.5,B2605-035,2026-11-25,223,
852,172,33,4,piece,3.5,B2605-034,2027-05-27,514,
853,172,39,3,can,5.5,B2605-035,2026-12-21,316,
854,172,25,1,can,3.5,B2605-024,2027-03-26,410,
855,172,36,3,piece,3.5,B2605-001,2026-08-27,210,
856,172,30,2,bottle,8.0,B2605-031,2027-05-27,310,
857,173,1,68,piece,0.15,B2606-027,,,
858,173,36,163,piece,0.7,B2606-028,2027-04-04,,
859,173,24,83,bottle,5.5,B2606-011,2027-04-01,,
860,174,18,4,bottle,2.1,B2604-012,2026-09-27,,
861,174,19,11,bottle,1.9,B2604-008,2027-03-10,,
862,174,35,16,pack,0.5,B2604-018,2027-03-28,,
863,174,40,8,cup,0.6,B2604-021,2026-07-29,,
864,174,27,6,bottle,0.3,B2604-004,2027-04-19,,
865,174,13,2,roll,0.35,B2604-012,,,
866,175,1,12,piece,0.15,B2605-027,,,
867,175,32,11,tube,1.2,B2605-032,2027-02-07,,
868,175,14,16,piece,0.5,B2605-045,,,
869,176,17,5,liter,4.8,B2605-050,2026-12-11,,
870,176,25,14,can,0.6,B2605-050,2027-03-20,,
871,176,1,9,piece,0.15,B2605-048,,,
872,177,20,10,kg,1.8,B2604-031,2026-12-23,,
873,177,21,8,liter,1.5,B2604-024,2026-08-19,,
874,177,11,8,pack,0.1,B2604-008,,,
875,177,3,9,piece,0.22,B2604-041,,,
876,177,36,15,piece,0.7,B2604-021,2026-07-31,,
877,177,34,7,pack,0.9,B2604-018,2026-09-23,,
878,177,8,14,piece,0.55,B2604-016,,,
879,178,6,185,piece,0.05,B2609-010,,,
880,178,40,199,cup,0.6,B2609-035,2027-02-15,,
881,178,22,52,liter,3.6,B2609-032,2027-04-21,,
882,178,4,101,piece,0.25,B2609-036,,,
883,178,23,185,can,2.2,B2609-049,2027-06-18,,
884,179,36,20,piece,0.7,B2604-012,2026-12-30,,
885,179,19,12,bottle,1.9,B2604-047,2027-03-01,,
886,179,35,10,pack,0.5,B2604-039,2026-09-25,,
887,179,32,4,tube,1.2,B2604-034,2026-09-22,,
888,179,13,16,roll,0.35,B2604-019,,,
889,180,40,19,cup,0.6,B2604-025,2026-10-05,,
890,180,16,18,bottle,3.2,B2604-044,2027-03-11,,
891,180,21,19,liter,1.5,B2604-010,2026-11-21,,
892,180,5,12,piece,0.3,B2604-027,,,
893,181,26,4,can,3.5,B2608-045,2027-03-21,520,
894,181,28,1,pack,4.0,B2608-039,2026-12-16,308,
895,181,40,1,cup,4.0,B2608-032,2026-12-20,221,
896,181,32,4,tube,4.5,B2608-036,2027-06-10,112,
897,181,39,3,can,5.5,B2608-040,2027-03-26,127,
898,181,38,1,bottle,2.5,B2608-020,2026-12-19,127,
899,181,25,2,can,3.5,B2608-007,2027-03-08,504,
900,181,31,4,bottle,8.5,B2608-034,2027-03-17,207,
901,182,7,37,piece,0.4,B2604-022,,,
902,182,11,47,pack,0.1,B2604-011,,,
903,182,12,39,box,0.6,B2604-039,,,
904,182,36,33,piece,0.7,B2604-023,2027-01-04,,
905,182,26,40,can,0.55,B2604-021,2027-02-02,,
906,183,17,7,liter,4.8,B2609-019,2026-12-10,,
907,183,24,38,bottle,5.5,B2609-009,2027-05-05,,
908,183,29,5,bottle,0.7,B2609-020,2027-03-25,,
909,183,38,18,bottle,0.35,B2609-021,2026-12-13,,
910,183,26,49,can,0.55,B2609-018,2027-08-20,,
911,183,1,40,piece,0.15,B2609-037,,,
912,184,38,26,bottle,0.35,B2604-020,2026-08-25,,
913,184,16,19,bottle,3.2,B2604-026,2026-10-28,,
914,184,15,24,liter,2.5,B2604-005,2026-12-22,,
915,184,17,26,liter,4.8,B2604-031,2026-10-05,,
916,185,28,46,pack,0.8,B2604-039,2026-07-14,,
917,185,27,45,bottle,0.3,B2604-050,2027-01-20,,
918,185,8,8,piece,0.55,B2604-020,,,
919,185,15,38,liter,2.5,B2604-003,2026-12-19,,
920,186,29,19,bottle,0.7,B2608-028,2027-04-02,,
921,186,39,30,can,1.3,B2608-010,2027-01-11,,
922,186,37,26,piece,1.1,B2608-006,2027-07-06,,
923,186,33,41,piece,0.8,B2608-048,2026-11-30,,
924,186,6,40,piece,0.05,B2608-026,,,
925,187,32,17,tube,1.2,B2609-036,2027-09-19,,
926,187,26,20,can,0.55,B2609-016,2027-01-30,,
927,187,37,22,piece,1.1,B2609-050,2027-08-02,,
928,188,23,15,can,2.2,B2609-023,2027-08-01,,
929,188,39,44,can,1.3,B2609-010,2027-07-31,,
930,188,2,7,piece,0.22,B2609-015,,,
931,188,20,17,kg,1.8,B2609-044,2027-06-27,,
932,189,8,25,piece,0.55,B2604-022,,,
933,189,20,73,kg,1.8,B2604-048,2027-04-14,,
934,189,29,74,bottle,0.7,B2604-014,2027-04-06,,
935,189,31,86,bottle,2.8,B2604-036,2027-03-17,,
936,190,34,3,pack,4.0,B2607-042,2026-10-08,115,
937,190,28,1,pack,4.0,B2607-018,2027-04-06,422,
938,191,7,17,piece,0.4,B2609-030,,,
939,191,21,18,liter,1.5,B2609-046,2026-12-24,,
940,191,32,2,tube,1.2,B2609-016,2027-09-10,,
941,191,35,10,pack,0.5,B2609-022,2027-08-20,,
942,191,6,13,piece,0.05,B2609-048,,,
943,191,12,6,box,0.6,B2609-002,,,
944,191,13,12,roll,0.35,B2609-044,,,
945,192,2,26,piece,0.22,B2608-026,,,
946,192,36,47,piece,0.7,B2608-009,2026-12-19,,
947,192,18,29,bottle,2.1,B2608-034,2027-03-01,,
948,192,15,31,liter,2.5,B2608-016,2027-01-22,,
949,192,10,32,pair,0.45,B2608-020,,,
950,193,13,30,roll,0.35,B2608-050,,,
951,193,9,5,piece,0.08,B2608-042,,,
952,193,20,30,kg,1.8,B2608-037,2027-02-03,,
953,193,34,11,pack,0.9,B2608-005,2027-08-14,,
954,193,39,24,can,1.3,B2608-008,2027-02-17,,
955,193,28,11,pack,0.8,B2608-010,2026-11-30,,
956,194,31,2,bottle,8.5,B2606-015,2026-09-28,508,
957,194,26,3,can,3.5,B2606-050,2027-05-17,123,
958,194,27,2,bottle,2.5,B2606-039,2027-05-13,528,
959,194,38,3,bottle,2.5,B2606-025,2027-05-24,228,
960,194,25,4,can,3.5,B2606-013,2027-01-08,206,
961,194,34,1,pack,4.0,B2606-001,2027-01-31,425,
962,194,35,4,pack,3.0,B2606-043,2026-12-27,224,
963,194,29,2,bottle,4.5,B2606-029,2027-05-23,106,
964,195,37,1,piece,5.0,B2607-029,2027-06-07,504,
965,195,36,1,piece,3.5,B2607-035,2027-05-07,217,
966,195,30,1,bottle,8.0,B2607-034,2026-11-11,513,
967,195,31,2,bottle,8.5,B2607-026,2027-03-21,315,
968,195,34,3,pack,4.0,B2607-028,2027-03-16,406,
969,195,39,1,can,5.5,B2607-010,2027-06-11,529,
970,195,35,4,pack,3.0,B2607-033,2026-12-13,124,
971,196,13,51,roll,0.35,B2607-006,,,
972,196,30,49,bottle,2.5,B2607-046,2027-05-31,,
973,196,6,182,piece,0.05,B2607-024,,,
974,196,17,41,liter,4.8,B2607-034,2027-04-27,,
975,196,21,150,liter,1.5,B2607-040,2027-01-02,,
976,196,11,116,pack,0.1,B2607-036,,,
977,197,4,12,piece,0.25,B2608-009,,,
978,197,27,17,bottle,0.3,B2608-001,2027-03-30,,
979,197,20,5,kg,1.8,B2608-030,2027-08-02,,
980,197,38,36,bottle,0.35,B2608-035,2026-11-23,,
981,197,29,43,bottle,0.7,B2608-032,2027-03-22,,
982,197,19,18,bottle,1.9,B2608-038,2027-07-22,,
983,197,12,34,box,0.6,B2608-027,,,
984,198,4,14,piece,0.25,B2608-003,,,
985,198,23,47,can,2.2,B2608-037,2027-04-18,,
986,198,3,26,piece,0.22,B2608-006,,,
987,199,24,117,bottle,5.5,B2605-005,2027-03-16,,
988,199,3,160,piece,0.22,B2605-005,,,
989,199,6,94,piece,0.05,B2605-031,,,
990,199,20,54,kg,1.8,B2605-008,2026-12-28,,
991,199,21,104,liter,1.5,B2605-034,2027-03-09,,
992,199,40,154,cup,0.6,B2605-014,2026-11-25,,
993,200,36,4,piece,3.5,B2608-012,2027-02-27,426,
994,200,39,3,can,5.5,B2608-008,2026-11-12,201,
995,200,27,4,bottle,2.5,B2608-014,2027-05-31,124,
996,200,34,4,pack,4.0,B2608-023,2027-02-16,111,
997,200,37,1,piece,5.0,B2608-019,2027-03-10,223,
998,200,32,1,tube,4.5,B2608-033,2027-04-14,310,
999,201,35,4,pack,3.0,B2606-003,2026-12-03,426,
1000,201,38,4,bottle,2.5,B2606-030,2027-06-26,221,
1001,201,30,3,bottle,8.0,B2606-027,2026-10-23,426,
1002,202,23,19,can,2.2,B2608-039,2027-06-06,,
1003,202,5,6,piece,0.3,B2608-039,,,
1004,202,10,4,pair,0.45,B2608-049,,,
1005,202,18,10,bottle,2.1,B2608-046,2027-04-29,,
1006,202,2,23,piece,0.22,B2608-003,,,
1007,202,22,9,liter,3.6,B2608-027,2027-01-02,,
1008,202,25,16,can,0.6,B2608-016,2027-05-28,,
1009,202,11,15,pack,0.1,B2608-020,,,
1010,203,29,6,bottle,0.7,B2604-031,2027-04-10,,
1011,203,33,14,piece,0.8,B2604-013,2027-01-18,,
1012,204,3,23,piece,0.22,B2605-034,,,
1013,204,30,4,bottle,2.5,B2605-001,2027-01-11,,
1014,204,25,30,can,0.6,B2605-003,2026-09-18,,
1015,205,13,25,roll,0.35,B2608-050,,,
1016,205,19,33,bottle,1.9,B2608-043,2027-01-09,,
1017,205,18,22,bottle,2.1,B2608-010,2027-01-29,,
1018,205,35,22,pack,0.5,B2608-008,2026-11-17,,
1019,206,19,19,bottle,1.9,B2608-029,2026-12-10,,
1020,206,37,6,piece,1.1,B2608-002,2027-07-14,,
1021,206,16,3,bottle,3.2,B2608-007,2027-05-30,,
1022,206,11,3,pack,0.1,B2608-006,,,
1023,206,5,15,piece,0.3,B2608-026,,,
1024,206,20,7,kg,1.8,B2608-046,2027-07-01,,
1025,206,22,13,liter,3.6,B2608-020,2027-05-04,,
1026,207,39,13,can,1.3,B2608-026,2027-02-23,,
1027,207,32,12,tube,1.2,B2608-021,2027-07-12,,
1028,207,28,17,pack,0.8,B2608-002,2026-12-25,,
1029,207,38,17,bottle,0.35,B2608-008,2027-05-20,,
1030,207,27,17,bottle,0.3,B2608-030,2027-02-17,,
1031,207,34,11,pack,0.9,B2608-050,2027-05-19,,
1032,207,29,20,bottle,0.7,B2608-009,2027-08-09,,
1033,208,38,60,bottle,0.35,B2608-031,2027-06-03,,
1034,208,27,36,bottle,0.3,B2608-022,2027-03-05,,
1035,208,16,197,bottle,3.2,B2608-038,2027-06-27,,
1036,208,40,131,cup,0.6,B2608-037,2027-05-13,,
1037,208,36,159,piece,0.7,B2608-045,2027-03-19,,
1038,209,26,195,can,0.55,B2604-039,2027-02-08,,
1039,209,5,103,piece,0.3,B2604-032,,,
1040,209,39,185,can,1.3,B2604-043,2026-08-29,,
1041,209,7,43,piece,0.4,B2604-014,,,
1042,210,14,20,piece,0.5,B2609-044,,,
1043,210,21,11,liter,1.5,B2609-028,2027-06-10,,
1044,210,20,4,kg,1.8,B2609-038,2026-12-20,,
1045,211,36,4,piece,3.5,B2606-025,2027-04-08,323,
1046,211,26,4,can,3.5,B2606-014,2026-12-10,418,
1047,211,38,4,bottle,2.5,B2606-036,2027-03-28,207,
1048,211,29,3,bottle,4.5,B2606-019,2026-11-16,405,
1049,211,25,2,can,3.5,B2606-042,2026-09-21,103,
1050,211,28,2,pack,4.0,B2606-028,2026-11-21,422,
1051,211,31,1,bottle,8.5,B2606-027,2027-05-04,221,
1052,212,12,1,box,0.6,B2607-037,,,
1053,212,28,16,pack,0.8,B2607-047,2027-02-22,,
1054,212,39,23,can,1.3,B2607-033,2027-03-10,,
1055,213,6,38,piece,0.05,B2604-006,,,
1056,213,10,38,pair,0.45,B2604-040,,,
1057,213,34,10,pack,0.9,B2604-016,2027-03-07,,
1058,213,18,45,bottle,2.1,B2604-048,2026-08-17,,
1059,213,30,48,bottle,2.5,B2604-041,2026-12-15,,
1060,214,35,1,pack,3.0,B2607-020,2027-03-10,524,
1061,214,31,1,bottle,8.5,B2607-011,2026-11-23,419,
1062,214,30,3,bottle,8.0,B2607-019,2027-07-03,501,
1063,214,37,1,piece,5.0,B2607-005,2027-03-19,217,
1064,214,29,3,bottle,4.5,B2607-018,2027-03-17,220,
1065,214,36,3,piece,3.5,B2607-008,2027-01-25,124,
1066,214,27,2,bottle,2.5,B2607-012,2027-03-10,412,
1067,215,10,7,pair,0.45,B2605-014,,,
1068,215,32,20,tube,1.2,B2605-047,2027-02-07,,
1069,215,27,3,bottle,0.3,B2605-042,2026-12-28,,
1070,215,25,5,can,0.6,B2605-004,2026-11-08,,
1071,215,16,16,bottle,3.2,B2605-026,2027-04-15,,
1072,215,29,11,bottle,0.7,B2605-031,2027-05-14,,
1073,216,29,44,bottle,0.7,B2606-042,2027-01-22,,
1074,216,25,26,can,0.6,B2606-018,2027-01-19,,
1075,216,21,11,liter,1.5,B2606-017,2027-03-24,,
1076,216,34,34,pack,0.9,B2606-050,2027-01-06,,
1077,216,3,48,piece,0.22,B2606-038,,,
1078,216,7,17,piece,0.4,B2606-034,,,
1079,216,23,26,can,2.2,B2606-044,2026-12-06,,
1080,216,28,25,pack,0.8,B2606-036,2026-09-10,,
1081,217,36,2,piece,3.5,B2607-040,2026-11-29,101,
1082,217,28,1,pack,4.0,B2607-014,2026-12-14,522,
1083,217,40,1,cup,4.0,B2607-039,2026-12-18,128,
1084,217,29,4,bottle,4.5,B2607-012,2026-12-08,526,
1085,217,37,2,piece,5.0,B2607-030,2026-11-20,310,
1086,218,33,1,piece,3.5,B2609-022,2027-01-23,413,
1087,218,37,3,piece,5.0,B2609-029,2027-01-28,306,
1088,219,14,11,piece,0.5,B2605-003,,,
1089,219,40,9,cup,0.6,B2605-005,2026-12-20,,
1090,219,7,33,piece,0.4,B2605-002,,,
1091,219,29,36,bottle,0.7,B2605-010,2026-08-14,,
1092,219,17,7,liter,4.8,B2605-043,2027-03-01,,
1093,220,28,5,pack,0.8,B2608-025,2027-07-28,,
1094,220,26,12,can,0.55,B2608-037,2027-08-25,,
1095,220,5,27,piece,0.3,B2608-022,,,
1096,220,35,48,pack,0.5,B2608-020,2027-06-17,,
1097,220,15,8,liter,2.5,B2608-041,2027-01-09,,
1098,221,25,24,can,0.6,B2607-045,2027-05-12,,
1099,221,13,11,roll,0.35,B2607-041,,,
1100,222,31,2,bottle,8.5,B2609-005,2027-05-14,413,
1101,222,25,4,can,3.5,B2609-029,2026-12-16,527,
1102,223,30,56,bottle,2.5,B2604-032,2026-07-19,,
1103,223,35,140,pack,0.5,B2604-040,2026-08-02,,
1104,223,10,82,pair,0.45,B2604-045,,,
1105,223,15,186,liter,2.5,B2604-009,2026-07-17,,
1106,223,5,64,piece,0.3,B2604-041,,,
1107,223,3,32,piece,0.22,B2604-020,,,
1108,224,40,5,cup,0.6,B2609-044,2027-02-11,,
1109,224,15,12,liter,2.5,B2609-014,2026-12-26,,
1110,224,5,20,piece,0.3,B2609-012,,,
1111,224,13,12,roll,0.35,B2609-005,,,
1112,224,28,5,pack,0.8,B2609-018,2027-02-13,,
1113,224,22,15,liter,3.6,B2609-011,2027-06-10,,
1114,224,26,19,can,0.55,B2609-011,2027-07-15,,
1115,224,21,9,liter,1.5,B2609-038,2026-12-23,,
1116,225,38,126,bottle,0.35,B2604-045,2027-03-04,,
1117,225,19,197,bottle,1.9,B2604-009,2026-10-17,,
1118,226,32,180,tube,1.2,B2607-020,2027-04-09,,
1119,226,40,127,cup,0.6,B2607-001,2027-02-10,,
1120,226,6,69,piece,0.05,B2607-008,,,
1121,227,14,17,piece,0.5,B2608-012,,,
1122,227,18,7,bottle,2.1,B2608-043,2026-12-07,,
1123,227,4,3,piece,0.25,B2608-042,,,
1124,227,13,13,roll,0.35,B2608-019,,,
1125,227,8,8,piece,0.55,B2608-028,,,
1126,227,10,10,pair,0.45,B2608-022,,,
1127,227,31,16,bottle,2.8,B2608-003,2027-01-07,,
1128,228,39,3,can,5.5,B2604-048,2026-12-20,407,
1129,228,34,2,pack,4.0,B2604-015,2026-08-26,111,
1130,228,40,2,cup,4.0,B2604-013,2027-01-15,428,
1131,229,30,24,bottle,2.5,B2608-013,2027-05-28,,
1132,229,12,9,box,0.6,B2608-013,,,
1133,229,25,11,can,0.6,B2608-009,2026-12-12,,
1134,229,24,23,bottle,5.5,B2608-037,2026-12-26,,
1135,229,9,9,piece,0.08,B2608-009,,,
1136,229,40,4,cup,0.6,B2608-030,2027-07-18,,
1137,230,36,18,piece,0.7,B2606-038,2027-05-13,,
1138,230,15,34,liter,2.5,B2606-018,2026-09-20,,
1139,230,6,32,piece,0.05,B2606-048,,,
1140,230,27,20,bottle,0.3,B2606-016,2027-02-27,,
1141,230,34,32,pack,0.9,B2606-038,2027-01-04,,
1142,230,32,42,tube,1.2,B2606-010,2026-09-15,,
1143,231,7,40,piece,0.4,B2607-049,,,
1144,231,29,5,bottle,0.7,B2607-045,2027-05-24,,
1145,231,32,18,tube,1.2,B2607-009,2027-04-29,,
1146,231,16,23,bottle,3.2,B2607-016,2026-12-13,,
1147,231,6,6,piece,0.05,B2607-031,,,
1148,232,37,3,piece,5.0,B2608-041,2026-11-23,423,
1149,232,27,1,bottle,2.5,B2608-045,2027-05-12,429,
1150,232,40,1,cup,4.0,B2608-049,2027-04-10,314,
1151,233,36,1,piece,3.5,B2609-012,2027-01-08,312,
1152,233,39,2,can,5.5,B2609-016,2027-02-01,211,
1153,233,25,4,can,3.5,B2609-045,2027-03-22,528,
1154,233,26,2,can,3.5,B2609-018,2027-08-19,312,
1155,233,31,4,bottle,8.5,B2609-005,2027-06-13,302,
1156,233,30,3,bottle,8.0,B2609-033,2027-08-31,416,
1157,233,32,1,tube,4.5,B2609-035,2027-09-03,423,
1158,234,12,9,box,0.6,B2609-008,,,
1159,234,19,23,bottle,1.9,B2609-010,2027-08-30,,
1160,234,5,5,piece,0.3,B2609-014,,,
1161,234,7,17,piece,0.4,B2609-041,,,
1162,234,11,1,pack,0.1,B2609-019,,,
1163,235,2,38,piece,0.22,B2606-042,,,
1164,235,15,26,liter,2.5,B2606-027,2027-03-20,,
1165,236,29,2,bottle,4.5,B2608-031,2027-06-06,308,
1166,236,39,3,can,5.5,B2608-023,2027-04-22,105,
1167,236,37,4,piece,5.0,B2608-011,2027-08-29,220,
1168,236,40,3,cup,4.0,B2608-046,2027-02-14,206,
1169,237,36,108,piece,0.7,B2606-010,2027-03-28,,
1170,237,3,134,piece,0.22,B2606-035,,,
1171,237,21,61,liter,1.5,B2606-035,2027-02-20,,
1172,238,35,164,pack,0.5,B2608-047,2027-06-18,,
1173,238,33,106,piece,0.8,B2608-045,2026-12-31,,
1174,238,22,142,liter,3.6,B2608-003,2027-01-14,,
1175,238,19,193,bottle,1.9,B2608-036,2027-01-02,,
1176,238,31,98,bottle,2.8,B2608-002,2027-05-28,,
1177,238,37,178,piece,1.1,B2608-015,2027-06-20,,
1178,238,10,111,pair,0.45,B2608-006,,,
1179,239,6,25,piece,0.05,B2606-039,,,
1180,239,33,43,piece,0.8,B2606-033,2026-10-07,,
1181,239,26,47,can,0.55,B2606-024,2027-03-31,,
1182,239,13,14,roll,0.35,B2606-046,,,
1183,239,32,32,tube,1.2,B2606-024,2027-03-25,,
1184,240,29,13,bottle,0.7,B2606-038,2026-11-10,,
1185,240,27,14,bottle,0.3,B2606-014,2027-03-01,,
1186,240,40,35,cup,0.6,B2606-034,2027-03-17,,
1187,240,19,9,bottle,1.9,B2606-038,2027-04-07,,
1188,240,11,10,pack,0.1,B2606-001,,,
1189,240,28,31,pack,0.8,B2606-041,2027-02-13,,
1190,240,39,31,can,1.3,B2606-012,2027-05-21,,
1191,241,34,1,pack,4.0,B2605-017,2027-01-16,105,
1192,241,38,4,bottle,2.5,B2605-043,2027-01-10,121,
1193,241,40,4,cup,4.0,B2605-045,2026-12-19,216,
1194,241,29,1,bottle,4.5,B2605-018,2027-04-25,125,
1195,241,32,1,tube,4.5,B2605-024,2027-04-19,524,
1196,241,33,4,piece,3.5,B2605-044,2027-04-16,321,
1197,241,36,1,piece,3.5,B2605-047,2026-08-24,317,
1198,241,28,3,pack,4.0,B2605-004,2026-10-29,219,
1199,242,4,37,piece,0.25,B2605-013,,,
1200,242,19,45,bottle,1.9,B2605-012,2026-09-27,,
1201,242,34,43,pack,0.9,B2605-049,2026-11-03,,
1202,242,5,39,piece,0.3,B2605-021,,,
1203,243,1,10,piece,0.15,B2609-024,,,
1204,243,9,25,piece,0.08,B2609-032,,,
1205,243,34,14,pack,0.9,B2609-022,2027-03-15,,
1206,244,8,24,piece,0.55,B2605-031,,,
1207,244,9,109,piece,0.08,B2605-020,,,
1208,245,34,2,pack,4.0,B2608-014,2027-02-03,305,
1209,245,25,1,can,3.5,B2608-049,2027-01-25,423,
1210,245,36,1,piece,3.5,B2608-031,2027-07-07,125,
1211,245,26,1,can,3.5,B2608-003,2027-08-18,204,
1212,245,28,1,pack,4.0,B2608-017,2026-12-21,404,
1213,245,27,1,bottle,2.5,B2608-001,2027-01-17,322,
1214,245,35,1,pack,3.0,B2608-038,2027-03-11,507,
1215,246,23,81,can,2.2,B2604-033,2026-08-26,,
1216,246,11,45,pack,0.1,B2604-038,,,
1217,246,33,23,piece,0.8,B2604-034,2026-11-11,,
1218,246,40,69,cup,0.6,B2604-019,2026-10-18,,
1219,247,12,14,box,0.6,B2605-014,,,
1220,247,29,17,bottle,0.7,B2605-015,2027-03-19,,
1221,247,7,4,piece,0.4,B2605-049,,,
1222,247,40,11,cup,0.6,B2605-008,2027-04-18,,
1223,247,23,4,can,2.2,B2605-034,2026-10-31,,
1224,247,25,16,can,0.6,B2605-049,2027-02-23,,
1225,248,34,4,pack,4.0,B2606-028,2026-12-26,328,
1226,248,35,1,pack,3.0,B2606-024,2026-12-21,422,
1227,248,38,1,bottle,2.5,B2606-007,2027-04-11,422,
1228,248,32,4,tube,4.5,B2606-044,2026-11-03,522,
1229,248,28,1,pack,4.0,B2606-026,2026-11-12,213,
1230,249,37,4,piece,5.0,B2607-043,2027-04-26,316,
1231,249,26,4,can,3.5,B2607-010,2027-05-21,509,
1232,249,28,1,pack,4.0,B2607-032,2027-06-12,109,
1233,249,31,2,bottle,8.5,B2607-007,2026-10-28,201,
1234,249,36,1,piece,3.5,B2607-002,2026-12-31,422,
1235,249,32,4,tube,4.5,B2607-021,2026-12-18,522,
1236,249,29,3,bottle,4.5,B2607-007,2026-11-09,520,
1237,249,34,4,pack,4.0,B2607-019,2027-06-12,407,
1238,250,29,7,bottle,0.7,B2608-012,2027-04-19,,
1239,250,21,50,liter,1.5,B2608-011,2027-07-24,,
1240,250,25,32,can,0.6,B2608-009,2027-04-23,,
1241,250,30,50,bottle,2.5,B2608-025,2027-07-22,,
1242,250,3,12,piece,0.22,B2608-037,,,
1243,251,40,3,cup,4.0,B2608-004,2026-12-04,311,
1244,251,34,1,pack,4.0,B2608-024,2027-05-17,227,
1245,251,31,1,bottle,8.5,B2608-007,2027-06-27,313,
1246,251,39,3,can,5.5,B2608-023,2026-12-18,314,
1247,252,34,3,pack,4.0,B2609-035,2027-05-27,201,
1248,252,26,1,can,3.5,B2609-028,2027-09-01,422,
1249,253,25,23,can,0.6,B2609-044,2027-04-09,,
1250,253,21,11,liter,1.5,B2609-032,2027-09-08,,
1251,253,37,26,piece,1.1,B2609-049,2027-06-16,,
1252,253,7,6,piece,0.4,B2609-040,,,
1253,253,32,10,tube,1.2,B2609-024,2027-08-05,,
1254,253,38,7,bottle,0.35,B2609-032,2027-02-01,,
1255,254,40,4,cup,0.6,B2606-038,2027-02-24,,
1256,254,6,9,piece,0.05,B2606-005,,,
1257,254,38,19,bottle,0.35,B2606-034,2027-05-06,,
1258,255,21,34,liter,1.5,B2609-043,2027-03-15,,
1259,255,13,6,roll,0.35,B2609-041,,,
1260,255,27,50,bottle,0.3,B2609-034,2027-03-18,,
1261,255,26,41,can,0.55,B2609-032,2027-04-01,,
1262,255,17,47,liter,4.8,B2609-048,2027-08-09,,
1263,255,33,22,piece,0.8,B2609-041,2027-09-11,,
1264,256,34,15,pack,0.9,B2608-018,2027-04-05,,
1265,256,38,7,bottle,0.35,B2608-017,2027-03-10,,
1266,256,31,14,bottle,2.8,B2608-016,2027-01-07,,
1267,256,39,6,can,1.3,B2608-013,2026-11-24,,
1268,256,30,9,bottle,2.5,B2608-020,2027-07-05,,
1269,256,26,17,can,0.55,B2608-036,2027-06-21,,
1270,256,28,15,pack,0.8,B2608-042,2026-11-28,,
1271,257,3,8,piece,0.22,B2604-006,,,
1272,257,32,25,tube,1.2,B2604-039,2026-12-06,,
1273,257,2,9,piece,0.22,B2604-027,,,
1274,258,38,11,bottle,0.35,B2605-038,2027-02-19,,
1275,258,34,26,pack,0.9,B2605-048,2026-12-02,,
1276,258,17,30,liter,4.8,B2605-028,2026-11-23,,
1277,258,32,5,tube,1.2,B2605-007,2026-11-01,,
1278,258,6,7,piece,0.05,B2605-018,,,
1279,258,16,15,bottle,3.2,B2605-027,2026-12-12,,
1280,258,8,28,piece,0.55,B2605-038,,,
1281,258,21,2,liter,1.5,B2605-032,2027-05-04,,
1282,259,24,6,bottle,5.5,B2608-042,2026-12-03,,
1283,259,31,47,bottle,2.8,B2608-004,2027-03-18,,
1284,259,20,21,kg,1.8,B2608-036,2027-05-31,,
1285,260,17,15,liter,4.8,B2608-029,2027-04-24,,
1286,260,20,46,kg,1.8,B2608-027,2026-11-30,,
1287,260,6,22,piece,0.05,B2608-006,,,
1288,260,16,36,bottle,3.2,B2608-031,2027-06-12,,
1289,260,14,26,piece,0.5,B2608-046,,,
1290,261,36,45,piece,0.7,B2609-029,2027-03-04,,
1291,261,21,5,liter,1.5,B2609-026,2027-04-06,,
1292,261,30,45,bottle,2.5,B2609-020,2027-06-03,,
1293,261,2,41,piece,0.22,B2609-006,,,
1294,261,4,12,piece,0.25,B2609-011,,,
1295,261,12,20,box,0.6,B2609-034,,,
1296,262,35,2,pack,3.0,B2606-024,2026-12-21,114,
1297,262,37,4,piece,5.0,B2606-037,2027-01-11,427,
1298,262,29,1,bottle,4.5,B2606-036,2027-01-14,130,
1299,263,17,1,liter,4.8,B2606-046,2027-06-01,,
1300,263,10,14,pair,0.45,B2606-050,,,
1301,263,6,30,piece,0.05,B2606-030,,,
1302,263,24,27,bottle,5.5,B2606-044,2027-05-16,,
1303,263,11,4,pack,0.1,B2606-015,,,
1304,263,8,23,piece,0.55,B2606-014,,,
1305,264,19,66,bottle,1.9,B2608-027,2027-01-16,,
1306,264,13,27,roll,0.35,B2608-019,,,
1307,264,27,87,bottle,0.3,B2608-016,2027-06-21,,
1308,265,26,18,can,0.55,B2604-004,2026-08-16,,
1309,265,14,11,piece,0.5,B2604-016,,,
1310,265,25,16,can,0.6,B2604-023,2026-08-13,,
1311,265,28,1,pack,0.8,B2604-017,2027-04-05,,
1312,265,17,20,liter,4.8,B2604-025,2026-12-22,,
1313,265,5,13,piece,0.3,B2604-043,,,
1314,265,7,12,piece,0.4,B2604-009,,,
1315,266,9,6,piece,0.08,B2606-017,,,
1316,266,6,5,piece,0.05,B2606-021,,,
1317,266,21,3,liter,1.5,B2606-009,2027-05-17,,
1318,266,34,10,pack,0.9,B2606-048,2027-03-07,,
1319,266,28,15,pack,0.8,B2606-019,2027-01-16,,
1320,267,39,2,can,5.5,B2607-012,2026-11-06,108,
1321,267,25,4,can,3.5,B2607-046,2027-06-15,306,
1322,267,28,4,pack,4.0,B2607-032,2026-11-08,129,
1323,268,14,16,piece,0.5,B2608-011,,,
1324,268,19,37,bottle,1.9,B2608-018,2027-02-19,,
1325,269,2,28,piece,0.22,B2607-038,,,
1326,269,19,11,bottle,1.9,B2607-021,2026-12-31,,
1327,269,8,6,piece,0.55,B2607-006,,,
1328,269,26,34,can,0.55,B2607-046,2027-06-16,,
1329,270,37,9,piece,1.1,B2606-036,2027-04-05,,
1330,270,9,10,piece,0.08,B2606-026,,,
1331,270,14,21,piece,0.5,B2606-012,,,
1332,270,4,20,piece,0.25,B2606-050,,,
1333,270,19,30,bottle,1.9,B2606-006,2026-10-02,,
1334,270,21,18,liter,1.5,B2606-011,2027-04-08,,
1335,270,40,30,cup,0.6,B2606-019,2026-12-09,,
1336,271,32,141,tube,1.2,B2606-018,2027-04-21,,
1337,271,29,43,bottle,0.7,B2606-049,2027-04-21,,
1338,271,25,114,can,0.6,B2606-040,2026-12-21,,
1339,272,10,32,pair,0.45,B2604-006,,,
1340,272,32,35,tube,1.2,B2604-020,2026-09-24,,
1341,272,34,13,pack,0.9,B2604-044,2026-12-10,,
1342,272,38,20,bottle,0.35,B2604-034,2027-02-13,,
1343,272,6,23,piece,0.05,B2604-037,,,
1344,272,19,8,bottle,1.9,B2604-036,2026-08-18,,
1345,272,30,7,bottle,2.5,B2604-033,2026-09-03,,
1346,273,33,10,piece,0.8,B2607-027,2027-03-27,,
1347,273,2,25,piece,0.22,B2607-038,,,
1348,273,8,34,piece,0.55,B2607-049,,,
1349,273,30,47,bottle,2.5,B2607-029,2027-03-10,,
1350,273,12,26,box,0.6,B2607-012,,,
1351,273,36,18,piece,0.7,B2607-012,2026-12-05,,
1352,273,26,43,can,0.55,B2607-017,2026-12-19,,
1353,273,3,32,piece,0.22,B2607-035,,,
1354,274,39,196,can,1.3,B2604-044,2027-01-21,,
1355,274,32,97,tube,1.2,B2604-006,2026-09-05,,
1356,274,20,54,kg,1.8,B2604-001,2026-10-08,,
1357,274,40,48,cup,0.6,B2604-002,2026-10-07,,
1358,274,24,26,bottle,5.5,B2604-014,2027-03-06,,
1359,275,29,2,bottle,4.5,B2609-045,2027-07-22,224,
1360,275,32,4,tube,4.5,B2609-029,2027-04-10,401,
1361,275,31,2,bottle,8.5,B2609-026,2027-01-02,319,
1362,275,25,3,can,3.5,B2609-041,2027-07-16,104,
1363,275,26,4,can,3.5,B2609-038,2027-05-04,424,
1364,276,37,185,piece,1.1,B2608-027,2027-07-08,,
1365,276,21,49,liter,1.5,B2608-032,2027-05-04,,
1366,276,36,134,piece,0.7,B2608-045,2027-06-19,,
1367,276,5,25,piece,0.3,B2608-011,,,
1368,276,18,93,bottle,2.1,B2608-047,2027-02-14,,
1369,277,30,44,bottle,2.5,B2608-014,2027-03-30,,
1370,277,9,49,piece,0.08,B2608-048,,,
1371,277,19,10,bottle,1.9,B2608-043,2027-07-11,,
1372,277,25,13,can,0.6,B2608-012,2027-02-16,,
1373,277,27,15,bottle,0.3,B2608-039,2027-07-15,,
1374,277,24,11,bottle,5.5,B2608-027,2027-07-16,,
1375,277,31,24,bottle,2.8,B2608-016,2027-02-21,,
1376,277,11,40,pack,0.1,B2608-004,,,
1377,278,28,5,pack,0.8,B2607-036,2027-01-21,,
1378,278,8,17,piece,0.55,B2607-017,,,
1379,278,40,12,cup,0.6,B2607-023,2026-10-22,,
1380,278,15,19,liter,2.5,B2607-018,2026-12-15,,
1381,279,40,28,cup,0.6,B2607-014,2027-04-23,,
1382,279,7,6,piece,0.4,B2607-047,,,
1383,279,36,10,piece,0.7,B2607-046,2027-06-03,,
1384,279,3,25,piece,0.22,B2607-033,,,
1385,279,33,16,piece,0.8,B2607-047,2026-12-09,,
1386,279,39,5,can,1.3,B2607-042,2027-04-24,,
1387,279,11,11,pack,0.1,B2607-009,,,
1388,279,8,4,piece,0.55,B2607-013,,,
1389,280,18,50,bottle,2.1,B2606-049,2027-03-31,,
1390,280,24,28,bottle,5.5,B2606-041,2027-01-03,,
1391,281,24,37,bottle,5.5,B2605-006,2027-01-24,,
1392,281,2,100,piece,0.22,B2605-026,,,
1393,281,29,62,bottle,0.7,B2605-028,2026-09-04,,
1394,281,10,120,pair,0.45,B2605-049,,,
1395,281,1,29,piece,0.15,B2605-043,,,
1396,281,34,184,pack,0.9,B2605-010,2026-09-02,,
1397,282,18,14,bottle,2.1,B2607-050,2027-01-19,,
1398,282,34,11,pack,0.9,B2607-006,2026-10-28,,
1399,282,10,19,pair,0.45,B2607-022,,,
1400,282,26,14,can,0.55,B2607-047,2026-12-13,,
1401,282,29,18,bottle,0.7,B2607-035,2027-03-04,,
1402,282,14,8,piece,0.5,B2607-006,,,
1403,282,36,18,piece,0.7,B2607-036,2027-03-18,,
1404,282,23,18,can,2.2,B2607-022,2026-12-30,,
1405,283,17,32,liter,4.8,B2606-049,2026-11-17,,
1406,283,33,134,piece,0.8,B2606-020,2026-09-17,,
1407,283,23,136,can,2.2,B2606-022,2027-01-13,,
1408,283,8,168,piece,0.55,B2606-037,,,
1409,284,32,2,tube,4.5,B2606-007,2026-11-28,315,
1410,284,26,4,can,3.5,B2606-006,2026-10-15,403,
1411,284,30,4,bottle,8.0,B2606-014,2027-04-30,216,
1412,284,33,1,piece,3.5,B2606-034,2027-04-08,322,
1413,284,34,4,pack,4.0,B2606-032,2027-04-18,319,
1414,285,9,16,piece,0.08,B2605-031,,,
1415,285,33,3,piece,0.8,B2605-048,2026-10-29,,
1416,285,34,19,pack,0.9,B2605-024,2026-10-09,,
1417,285,8,15,piece,0.55,B2605-008,,,
1418,285,14,5,piece,0.5,B2605-024,,,
1419,286,2,24,piece,0.22,B2605-019,,,
1420,286,10,18,pair,0.45,B2605-012,,,
1421,286,38,36,bottle,0.35,B2605-001,2026-09-30,,
1422,286,27,40,bottle,0.3,B2605-023,2026-09-02,,
1423,286,4,7,piece,0.25,B2605-027,,,
1424,287,9,33,piece,0.08,B2606-043,,,
1425,287,33,33,piece,0.8,B2606-010,2027-03-09,,
1426,287,30,10,bottle,2.5,B2606-040,2027-04-21,,
1427,288,6,17,piece,0.05,B2608-040,,,
1428,288,11,39,pack,0.1,B2608-037,,,
1429,288,2,8,piece,0.22,B2608-037,,,
1430,288,37,38,piece,1.1,B2608-013,2027-07-16,,
1431,288,20,37,kg,1.8,B2608-002,2027-01-15,,
1432,288,8,47,piece,0.55,B2608-035,,,
1433,288,40,16,cup,0.6,B2608-002,2027-04-04,,
1434,289,28,18,pack,0.8,B2604-021,2027-02-01,,
1435,289,12,10,box,0.6,B2604-006,,,
1436,289,27,5,bottle,0.3,B2604-007,2026-10-15,,
1437,289,2,11,piece,0.22,B2604-010,,,
1438,290,12,119,box,0.6,B2606-007,,,
1439,290,2,101,piece,0.22,B2606-010,,,
1440,290,4,125,piece,0.25,B2606-021,,,
1441,290,20,86,kg,1.8,B2606-025,2026-11-16,,
1442,291,21,161,liter,1.5,B2608-027,2026-12-06,,
1443,291,30,143,bottle,2.5,B2608-002,2027-05-30,,
1444,292,38,2,bottle,2.5,B2608-011,2027-03-23,318,
1445,292,32,4,tube,4.5,B2608-003,2026-11-18,515,
1446,292,26,4,can,3.5,B2608-042,2027-02-11,510,
1447,292,35,1,pack,3.0,B2608-031,2027-04-06,130,
1448,292,33,3,piece,3.5,B2608-041,2027-03-06,412,
1449,292,28,3,pack,4.0,B2608-048,2027-08-18,106,
1450,293,28,25,pack,0.8,B2607-044,2027-04-02,,
1451,293,14,45,piece,0.5,B2607-017,,,
1452,293,40,50,cup,0.6,B2607-029,2027-02-25,,
1453,293,33,20,piece,0.8,B2607-043,2027-03-22,,
1454,294,1,31,piece,0.15,B2604-036,,,
1455,294,12,49,box,0.6,B2604-046,,,
1456,295,29,49,bottle,0.7,B2609-001,2027-02-14,,
1457,295,8,34,piece,0.55,B2609-024,,,
1458,295,23,17,can,2.2,B2609-029,2026-12-17,,
1459,295,25,19,can,0.6,B2609-048,2026-12-23,,
1460,295,38,22,bottle,0.35,B2609-044,2027-06-14,,
1461,295,37,17,piece,1.1,B2609-006,2027-05-17,,
1462,295,12,50,box,0.6,B2609-015,,,
1463,296,26,47,can,0.55,B2604-048,2026-10-06,,
1464,296,8,9,piece,0.55,B2604-038,,,
1465,296,18,13,bottle,2.1,B2604-048,2026-08-11,,
1466,296,37,13,piece,1.1,B2604-017,2026-11-02,,
1467,296,33,38,piece,0.8,B2604-047,2026-11-26,,
1468,296,32,17,tube,1.2,B2604-044,2026-07-20,,
1469,296,11,49,pack,0.1,B2604-044,,,
1470,296,13,39,roll,0.35,B2604-040,,,
1471,297,18,28,bottle,2.1,B2607-034,2026-11-08,,
1472,297,8,19,piece,0.55,B2607-004,,,
1473,297,34,22,pack,0.9,B2607-027,2027-07-16,,
1474,297,30,33,bottle,2.5,B2607-021,2026-10-19,,
1475,297,32,30,tube,1.2,B2607-013,2027-04-06,,
1476,298,20,142,kg,1.8,B2609-028,2027-01-04,,
1477,298,5,171,piece,0.3,B2609-041,,,
1478,298,7,105,piece,0.4,B2609-017,,,
1479,298,2,83,piece,0.22,B2609-007,,,
1480,299,40,8,cup,0.6,B2606-003,2027-04-04,,
1481,299,29,25,bottle,0.7,B2606-045,2026-10-26,,
1482,299,7,13,piece,0.4,B2606-004,,,
1483,299,39,33,can,1.3,B2606-004,2027-02-24,,
1484,299,8,44,piece,0.55,B2606-041,,,
1485,299,6,32,piece,0.05,B2606-005,,,
1486,300,15,118,liter,2.5,B2606-030,2027-04-20,,
1487,300,39,178,can,1.3,B2606-040,2026-11-03,,
1488,300,40,106,cup,0.6,B2606-042,2026-09-26,,
1489,300,1,136,piece,0.15,B2606-034,,,
1490,300,30,104,bottle,2.5,B2606-038,2026-12-20,,
1491,301,23,133,can,2.2,B2608-012,2027-04-01,,
1492,301,27,55,bottle,0.3,B2608-003,2026-12-28,,
1493,301,31,52,bottle,2.8,B2608-020,2027-07-09,,
1494,301,40,151,cup,0.6,B2608-042,2027-05-30,,
1495,302,34,47,pack,0.9,B2607-044,2027-01-10,,
1496,302,38,8,bottle,0.35,B2607-016,2027-07-14,,
1497,303,39,20,can,1.3,B2606-022,2027-02-26,,
1498,303,34,15,pack,0.9,B2606-022,2026-12-18,,
1499,303,36,5,piece,0.7,B2606-030,2026-10-17,,
1500,303,30,17,bottle,2.5,B2606-015,2026-09-27,,
1501,303,40,9,cup,0.6,B2606-045,2027-01-21,,
1502,304,1,27,piece,0.15,B2608-002,,,
1503,304,24,40,bottle,5.5,B2608-008,2027-01-11,,
1504,304,5,23,piece,0.3,B2608-029,,,
1505,305,12,65,box,0.6,B2604-013,,,
1506,305,22,25,liter,3.6,B2604-012,2026-11-18,,
1507,305,36,45,piece,0.7,B2604-002,2026-09-15,,
1508,305,16,117,bottle,3.2,B2604-042,2026-09-01,,
1509,306,40,17,cup,0.6,B2607-013,2027-07-23,,
1510,306,28,29,pack,0.8,B2607-045,2027-05-03,,
1511,306,5,25,piece,0.3,B2607-039,,,
1512,306,8,32,piece,0.55,B2607-041,,,
1513,306,10,20,pair,0.45,B2607-003,,,
1514,306,9,44,piece,0.08,B2607-038,,,
1515,307,33,73,piece,0.8,B2606-047,2026-11-01,,
1516,307,38,140,bottle,0.35,B2606-043,2026-10-24,,
1517,307,32,62,tube,1.2,B2606-033,2027-04-07,,
1518,308,40,3,cup,4.0,B2608-041,2026-11-27,513,
1519,308,36,2,piece,3.5,B2608-013,2027-06-28,229,
1520,308,32,2,tube,4.5,B2608-020,2027-06-14,407,
1521,308,38,4,bottle,2.5,B2608-024,2027-03-19,506,
1522,309,30,44,bottle,2.5,B2606-022,2027-04-19,,
1523,309,33,33,piece,0.8,B2606-030,2027-04-22,,
1524,310,5,37,piece,0.3,B2606-033,,,
1525,310,23,39,can,2.2,B2606-042,2026-10-17,,
1526,310,6,22,piece,0.05,B2606-015,,,
1527,310,19,11,bottle,1.9,B2606-008,2026-10-13,,
1528,311,18,27,bottle,2.1,B2605-026,2027-03-14,,
1529,311,13,42,roll,0.35,B2605-049,,,
1530,311,9,46,piece,0.08,B2605-001,,,
1531,311,35,35,pack,0.5,B2605-042,2027-05-08,,
1532,311,17,14,liter,4.8,B2605-026,2026-12-13,,
1533,311,1,19,piece,0.15,B2605-047,,,
1534,311,20,18,kg,1.8,B2605-031,2026-12-16,,
1535,311,19,38,bottle,1.9,B2605-038,2027-04-15,,
1536,312,38,2,bottle,2.5,B2604-001,2027-04-02,324,
1537,312,28,3,pack,4.0,B2604-027,2027-02-23,308,
1538,312,32,4,tube,4.5,B2604-021,2026-08-01,510,
1539,312,40,1,cup,4.0,B2604-022,2027-02-06,205,
1540,312,33,4,piece,3.5,B2604-005,2027-04-20,213,
1541,312,25,4,can,3.5,B2604-007,2027-01-05,216,
1542,312,30,4,bottle,8.0,B2604-011,2026-09-12,303,
1543,312,27,2,bottle,2.5,B2604-045,2027-03-28,127,
1544,313,5,63,piece,0.3,B2607-021,,,
1545,313,30,125,bottle,2.5,B2607-026,2026-12-25,,
1546,313,4,48,piece,0.25,B2607-009,,,
1547,313,24,157,bottle,5.5,B2607-027,2027-06-07,,
1548,313,34,37,pack,0.9,B2607-025,2027-01-19,,
1549,313,1,53,piece,0.15,B2607-014,,,
1550,314,30,30,bottle,2.5,B2609-039,2027-04-06,,
1551,314,18,38,bottle,2.1,B2609-022,2027-08-09,,
1552,314,13,34,roll,0.35,B2609-030,,,
1553,314,1,41,piece,0.15,B2609-003,,,
1554,314,10,10,pair,0.45,B2609-019,,,
1555,314,29,46,bottle,0.7,B2609-030,2027-05-27,,
1556,314,5,49,piece,0.3,B2609-046,,,
1557,315,37,3,piece,1.1,B2607-016,2027-01-02,,
1558,315,7,10,piece,0.4,B2607-041,,,
1559,315,26,19,can,0.55,B2607-019,2026-11-17,,
1560,316,35,4,pack,3.0,B2607-014,2027-06-29,209,
1561,316,31,1,bottle,8.5,B2607-005,2027-06-06,401,
1562,317,21,34,liter,1.5,B2607-005,2026-11-20,,
1563,317,30,40,bottle,2.5,B2607-043,2027-02-10,,
1564,317,32,50,tube,1.2,B2607-029,2026-12-19,,
1565,318,35,15,pack,0.5,B2605-005,2026-08-17,,
1566,318,26,48,can,0.55,B2605-018,2026-10-29,,
1567,319,34,29,pack,0.9,B2609-045,2027-06-04,,
1568,319,7,33,piece,0.4,B2609-004,,,
1569,320,27,5,bottle,0.3,B2605-022,2026-11-26,,
1570,320,2,48,piece,0.22,B2605-043,,,
1571,321,13,79,roll,0.35,B2605-014,,,
1572,321,14,47,piece,0.5,B2605-023,,,
1573,321,35,102,pack,0.5,B2605-012,2026-08-18,,
1574,321,26,122,can,0.55,B2605-042,2027-01-19,,
1575,321,28,23,pack,0.8,B2605-025,2026-11-27,,
1576,321,8,137,piece,0.55,B2605-015,,,
1577,322,39,181,can,1.3,B2604-045,2027-01-25,,
1578,322,32,193,tube,1.2,B2604-050,2026-09-17,,
1579,322,7,105,piece,0.4,B2604-012,,,
1580,322,35,182,pack,0.5,B2604-049,2026-12-20,,
1581,322,11,190,pack,0.1,B2604-031,,,
1582,322,17,37,liter,4.8,B2604-022,2026-07-20,,
1583,322,38,175,bottle,0.35,B2604-038,2027-02-25,,
1584,322,21,117,liter,1.5,B2604-033,2026-11-07,,
1585,323,16,14,bottle,3.2,B2604-025,2026-10-17,,
1586,323,6,46,piece,0.05,B2604-003,,,
1587,323,4,20,piece,0.25,B2604-047,,,
1588,323,9,43,piece,0.08,B2604-029,,,
1589,323,24,26,bottle,5.5,B2604-009,2026-11-24,,
1590,323,32,25,tube,1.2,B2604-042,2026-07-25,,
1591,323,19,38,bottle,1.9,B2604-027,2026-11-29,,
1592,323,13,6,roll,0.35,B2604-015,,,
1593,324,15,17,liter,2.5,B2606-021,2026-12-02,,
1594,324,39,15,can,1.3,B2606-041,2026-09-03,,
1595,324,25,3,can,0.6,B2606-032,2026-10-05,,
1596,325,14,8,piece,0.5,B2605-016,,,
1597,325,16,15,bottle,3.2,B2605-012,2026-12-26,,
1598,325,33,11,piece,0.8,B2605-019,2027-04-07,,
1599,325,6,8,piece,0.05,B2605-018,,,
1600,325,28,17,pack,0.8,B2605-006,2027-02-21,,
1601,325,30,14,bottle,2.5,B2605-025,2026-11-14,,
1602,325,20,17,kg,1.8,B2605-029,2027-03-25,,
1603,325,11,18,pack,0.1,B2605-040,,,
1604,326,29,3,bottle,4.5,B2604-020,2027-02-22,415,
1605,326,33,3,piece,3.5,B2604-039,2027-03-08,418,
1606,326,36,1,piece,3.5,B2604-046,2027-03-02,305,
1607,326,27,2,bottle,2.5,B2604-013,2026-07-07,230,
1608,327,20,51,kg,1.8,B2607-025,2027-01-02,,
1609,327,38,69,bottle,0.35,B2607-049,2027-05-22,,
1610,327,5,85,piece,0.3,B2607-050,,,
1611,327,27,109,bottle,0.3,B2607-033,2027-06-18,,
1612,327,3,182,piece,0.22,B2607-045,,,
1613,328,2,34,piece,0.22,B2607-044,,,
1614,328,10,14,pair,0.45,B2607-017,,,
1615,328,17,20,liter,4.8,B2607-039,2027-01-06,,
1616,328,39,5,can,1.3,B2607-008,2026-12-02,,
1617,329,38,3,bottle,2.5,B2609-043,2027-07-10,518,
1618,329,29,3,bottle,4.5,B2609-047,2027-02-10,425,
1619,329,36,1,piece,3.5,B2609-023,2027-03-10,525,
1620,330,7,49,piece,0.4,B2609-027,,,
1621,330,5,38,piece,0.3,B2609-027,,,
1622,331,30,2,bottle,8.0,B2605-004,2026-11-15,207,
1623,331,33,2,piece,3.5,B2605-027,2027-03-27,329,
1624,331,26,1,can,3.5,B2605-019,2026-09-26,203,
1625,331,32,4,tube,4.5,B2605-005,2027-02-05,109,
1626,331,34,1,pack,4.0,B2605-031,2027-04-19,508,
1627,332,26,3,can,3.5,B2604-049,2027-01-03,416,
1628,332,40,4,cup,4.0,B2604-044,2027-01-06,312,
1629,332,28,3,pack,4.0,B2604-043,2027-02-04,212,
1630,332,33,4,piece,3.5,B2604-023,2026-12-31,502,
1631,332,25,1,can,3.5,B2604-045,2027-02-05,115,
1632,332,31,2,bottle,8.5,B2604-008,2027-04-12,120,
1633,333,21,45,liter,1.5,B2607-024,2026-11-15,,
1634,333,2,25,piece,0.22,B2607-044,,,
1635,334,7,13,piece,0.4,B2609-032,,,
1636,334,25,10,can,0.6,B2609-020,2027-07-30,,
1637,334,19,15,bottle,1.9,B2609-029,2027-01-31,,
1638,334,13,35,roll,0.35,B2609-043,,,
1639,334,10,39,pair,0.45,B2609-016,,,
1640,334,34,20,pack,0.9,B2609-014,2027-02-28,,
1641,334,33,47,piece,0.8,B2609-045,2027-01-17,,
1642,334,3,11,piece,0.22,B2609-028,,,
1643,335,31,17,bottle,2.8,B2606-006,2027-03-10,,
1644,335,8,9,piece,0.55,B2606-037,,,
1645,335,9,4,piece,0.08,B2606-042,,,
1646,335,35,12,pack,0.5,B2606-025,2027-04-04,,
1647,336,27,2,bottle,2.5,B2605-024,2026-10-30,119,
1648,336,30,3,bottle,8.0,B2605-048,2026-08-26,419,
1649,337,9,25,piece,0.08,B2607-010,,,
1650,337,34,23,pack,0.9,B2607-015,2027-06-28,,
1651,337,38,48,bottle,0.35,B2607-030,2026-12-30,,
1652,337,15,43,liter,2.5,B2607-019,2026-12-29,,
1653,337,7,47,piece,0.4,B2607-045,,,
1654,337,26,7,can,0.55,B2607-039,2027-03-28,,
1655,337,1,24,piece,0.15,B2607-033,,,
1656,337,30,49,bottle,2.5,B2607-008,2027-03-05,,
1657,338,10,7,pair,0.45,B2608-032,,,
1658,338,14,14,piece,0.5,B2608-020,,,
1659,338,15,7,liter,2.5,B2608-002,2027-05-22,,
1660,338,4,12,piece,0.25,B2608-028,,,
1661,339,31,3,bottle,8.5,B2607-004,2027-03-12,528,
1662,339,36,4,piece,3.5,B2607-009,2027-05-22,219,
1663,339,38,4,bottle,2.5,B2607-010,2027-01-23,329,
1664,339,33,2,piece,3.5,B2607-042,2026-10-12,224,
1665,339,40,3,cup,4.0,B2607-044,2026-12-22,504,
1666,339,26,4,can,3.5,B2607-011,2026-11-05,422,
1667,339,27,1,bottle,2.5,B2607-012,2026-11-03,316,
1668,340,32,197,tube,1.2,B2605-043,2026-09-21,,
1669,340,20,138,kg,1.8,B2605-042,2027-02-18,,
1670,340,39,90,can,1.3,B2605-041,2027-03-22,,
1671,340,12,114,box,0.6,B2605-001,,,
1672,340,25,50,can,0.6,B2605-008,2026-09-18,,
1673,341,31,45,bottle,2.8,B2608-021,2026-12-29,,
1674,341,28,157,pack,0.8,B2608-012,2027-06-22,,
1675,341,20,199,kg,1.8,B2608-002,2027-06-16,,
1676,341,37,162,piece,1.1,B2608-035,2027-08-25,,
1677,341,9,145,piece,0.08,B2608-005,,,
1678,342,21,18,liter,1.5,B2609-042,2027-03-07,,
1679,342,8,10,piece,0.55,B2609-036,,,
1680,342,3,21,piece,0.22,B2609-049,,,
1681,342,9,7,piece,0.08,B2609-006,,,
1682,342,37,12,piece,1.1,B2609-033,2027-05-16,,
1683,343,19,43,bottle,1.9,B2609-035,2027-09-02,,
1684,343,35,18,pack,0.5,B2609-045,2027-02-03,,
1685,343,29,47,bottle,0.7,B2609-003,2027-04-15,,
1686,343,9,7,piece,0.08,B2609-013,,,
1687,343,32,14,tube,1.2,B2609-020,2027-04-04,,
1688,343,21,13,liter,1.5,B2609-039,2027-04-04,,
1689,343,34,42,pack,0.9,B2609-023,2027-05-06,,
1690,343,23,13,can,2.2,B2609-047,2027-07-19,,
1691,344,28,115,pack,0.8,B2607-037,2027-06-23,,
1692,344,10,174,pair,0.45,B2607-011,,,
1693,344,35,127,pack,0.5,B2607-010,2027-03-15,,
1694,344,14,131,piece,0.5,B2607-025,,,
1695,344,5,26,piece,0.3,B2607-039,,,
1696,344,18,83,bottle,2.1,B2607-005,2027-02-20,,
1697,344,13,51,roll,0.35,B2607-035,,,
1698,345,15,51,liter,2.5,B2606-012,2027-06-18,,
1699,345,18,98,bottle,2.1,B2606-038,2027-05-30,,
1700,345,1,44,piece,0.15,B2606-034,,,
1701,345,7,109,piece,0.4,B2606-045,,,
1702,345,25,166,can,0.6,B2606-019,2027-02-07,,
1703,345,40,175,cup,0.6,B2606-007,2026-10-16,,
1704,345,36,63,piece,0.7,B2606-021,2027-04-09,,
1705,345,37,66,piece,1.1,B2606-023,2027-06-21,,
1706,346,10,50,pair,0.45,B2608-050,,,
1707,346,9,20,piece,0.08,B2608-044,,,
1708,346,40,43,cup,0.6,B2608-027,2027-07-20,,
1709,346,25,16,can,0.6,B2608-029,2027-05-28,,
1710,346,18,34,bottle,2.1,B2608-033,2027-04-23,,
1711,346,4,22,piece,0.25,B2608-028,,,
1712,346,24,38,bottle,5.5,B2608-046,2027-03-25,,
1713,347,16,15,bottle,3.2,B2607-037,2026-11-10,,
1714,347,6,10,piece,0.05,B2607-048,,,
1715,348,35,50,pack,0.5,B2607-028,2027-07-16,,
1716,348,8,27,piece,0.55,B2607-016,,,
1717,348,26,47,can,0.55,B2607-034,2026-11-06,,
1718,348,1,43,piece,0.15,B2607-029,,,
1719,348,13,15,roll,0.35,B2607-044,,,
1720,348,37,38,piece,1.1,B2607-015,2027-01-13,,
1721,349,22,158,liter,3.6,B2604-050,2026-09-11,,
1722,349,16,94,bottle,3.2,B2604-020,2027-03-17,,
1723,350,3,24,piece,0.22,B2609-023,,,
1724,350,30,11,bottle,2.5,B2609-001,2027-06-05,,
1725,350,32,16,tube,1.2,B2609-026,2027-06-07,,
1726,350,4,5,piece,0.25,B2609-007,,,
1727,350,23,32,can,2.2,B2609-032,2027-03-19,,
1728,350,1,10,piece,0.15,B2609-034,,,
1729,350,39,37,can,1.3,B2609-010,2027-07-06,,
1730,350,22,12,liter,3.6,B2609-032,2026-12-11,,
1731,351,35,132,pack,0.5,B2607-043,2027-06-09,,
1732,351,18,61,bottle,2.1,B2607-009,2027-04-27,,
1733,351,7,131,piece,0.4,B2607-001,,,
1734,352,22,31,liter,3.6,B2605-032,2027-04-27,,
1735,352,3,48,piece,0.22,B2605-046,,,
1736,352,11,13,pack,0.1,B2605-021,,,
1737,352,13,30,roll,0.35,B2605-033,,,
1738,352,31,29,bottle,2.8,B2605-009,2026-10-12,,
1739,352,18,11,bottle,2.1,B2605-002,2026-10-20,,
1740,352,8,14,piece,0.55,B2605-023,,,
1741,353,19,20,bottle,1.9,B2609-040,2027-03-08,,
1742,353,32,37,tube,1.2,B2609-012,2027-04-26,,
1743,353,6,22,piece,0.05,B2609-050,,,
1744,353,28,12,pack,0.8,B2609-017,2027-04-25,,
1745,354,29,2,bottle,4.5,B2607-040,2027-02-08,401,
1746,354,28,1,pack,4.0,B2607-027,2027-07-24,113,
1747,354,26,3,can,3.5,B2607-022,2027-06-04,208,
1748,354,27,4,bottle,2.5,B2607-028,2026-11-24,117,
1749,354,31,3,bottle,8.5,B2607-024,2027-03-21,109,
1750,354,25,3,can,3.5,B2607-021,2026-11-22,408,
1751,354,40,2,cup,4.0,B2607-004,2027-04-11,101,
1752,354,39,2,can,5.5,B2607-018,2026-12-19,316,
1753,355,36,26,piece,0.7,B2607-024,2027-04-04,,
1754,355,9,42,piece,0.08,B2607-034,,,
1755,356,28,1,pack,4.0,B2605-040,2027-02-13,118,
1756,356,25,3,can,3.5,B2605-013,2027-05-22,425,
1757,356,34,2,pack,4.0,B2605-013,2027-03-24,105,
1758,356,35,3,pack,3.0,B2605-024,2027-04-08,512,
1759,356,40,1,cup,4.0,B2605-031,2027-03-24,403,
1760,356,36,1,piece,3.5,B2605-018,2026-10-27,220,
1761,356,32,3,tube,4.5,B2605-004,2026-11-27,119,
1762,357,37,2,piece,5.0,B2609-037,2027-04-12,106,
1763,357,33,1,piece,3.5,B2609-033,2027-09-16,515,
1764,357,40,3,cup,4.0,B2609-015,2027-05-22,328,
1765,357,31,3,bottle,8.5,B2609-011,2027-04-15,504,
1766,357,38,1,bottle,2.5,B2609-019,2027-01-11,508,
1767,357,34,2,pack,4.0,B2609-009,2027-05-09,330,
1768,357,29,1,bottle,4.5,B2609-014,2027-09-21,227,
1769,357,28,1,pack,4.0,B2609-023,2027-06-28,121,
1770,358,23,22,can,2.2,B2607-012,2027-02-20,,
1771,358,15,6,liter,2.5,B2607-035,2026-12-05,,
1772,359,33,4,piece,3.5,B2609-015,2027-07-17,215,
1773,359,28,3,pack,4.0,B2609-031,2027-01-23,229,
1774,359,34,4,pack,4.0,B2609-012,2027-03-07,215,
1775,359,35,2,pack,3.0,B2609-047,2027-03-09,516,
1776,360,31,4,bottle,8.5,B2605-047,2027-05-06,404,
1777,360,26,2,can,3.5,B2605-007,2027-02-19,120,
1778,360,27,4,bottle,2.5,B2605-001,2026-09-01,104,
1779,360,39,2,can,5.5,B2605-006,2026-12-25,225,
1780,360,40,2,cup,4.0,B2605-001,2026-10-03,501,
1781,360,28,3,pack,4.0,B2605-009,2027-04-12,107,
1782,361,33,1,piece,3.5,B2606-003,2026-11-07,127,
1783,361,35,3,pack,3.0,B2606-027,2026-11-27,117,
1784,362,15,63,liter,2.5,B2605-008,2026-12-19,,
1785,362,25,46,can,0.6,B2605-019,2027-02-25,,
1786,362,8,39,piece,0.55,B2605-040,,,
1787,362,32,105,tube,1.2,B2605-008,2027-02-27,,
1788,363,12,29,box,0.6,B2609-007,,,
1789,363,28,9,pack,0.8,B2609-032,2027-06-07,,
1790,363,10,30,pair,0.45,B2609-017,,,
1791,363,20,26,kg,1.8,B2609-046,2027-01-09,,
1792,363,19,26,bottle,1.9,B2609-001,2027-02-15,,
1793,363,23,25,can,2.2,B2609-042,2027-02-14,,
1794,364,6,16,piece,0.05,B2608-050,,,
1795,364,21,29,liter,1.5,B2608-023,2027-04-11,,
1796,364,9,36,piece,0.08,B2608-028,,,
1797,365,35,10,pack,0.5,B2605-038,2027-03-07,,
1798,365,32,38,tube,1.2,B2605-037,2026-11-24,,
1799,365,40,49,cup,0.6,B2605-006,2026-12-02,,
1800,365,38,28,bottle,0.35,B2605-001,2026-11-16,,
1801,365,15,6,liter,2.5,B2605-024,2027-04-03,,
1802,365,25,13,can,0.6,B2605-008,2026-09-03,,
1803,366,15,4,liter,2.5,B2606-045,2026-11-25,,
1804,366,4,13,piece,0.25,B2606-047,,,
1805,366,9,1,piece,0.08,B2606-045,,,
1806,367,11,9,pack,0.1,B2609-005,,,
1807,367,2,2,piece,0.22,B2609-037,,,
1808,367,10,15,pair,0.45,B2609-010,,,
1809,367,24,7,bottle,5.5,B2609-031,2027-03-07,,
1810,367,38,18,bottle,0.35,B2609-045,2027-05-28,,
1811,367,6,17,piece,0.05,B2609-027,,,
1812,368,30,2,bottle,8.0,B2606-028,2027-05-01,113,
1813,368,33,3,piece,3.5,B2606-020,2027-01-05,517,
1814,369,40,40,cup,0.6,B2604-039,2026-08-31,,
1815,369,4,49,piece,0.25,B2604-030,,,
1816,369,15,35,liter,2.5,B2604-021,2027-02-15,,
1817,369,26,29,can,0.55,B2604-011,2026-08-19,,
1818,369,12,28,box,0.6,B2604-042,,,
1819,370,2,39,piece,0.22,B2604-007,,,
1820,370,16,9,bottle,3.2,B2604-014,2026-07-31,,
1821,370,19,24,bottle,1.9,B2604-013,2026-11-06,,
1822,370,11,45,pack,0.1,B2604-003,,,
1823,371,1,37,piece,0.15,B2608-013,,,
1824,371,23,25,can,2.2,B2608-049,2027-06-09,,
1825,371,19,27,bottle,1.9,B2608-009,2027-01-09,,
1826,371,26,26,can,0.55,B2608-027,2027-08-05,,
1827,372,30,75,bottle,2.5,B2608-044,2027-02-07,,
1828,372,6,61,piece,0.05,B2608-033,,,
1829,372,15,152,liter,2.5,B2608-047,2027-08-21,,
1830,373,3,20,piece,0.22,B2605-005,,,
1831,373,25,5,can,0.6,B2605-037,2027-04-13,,
1832,373,16,4,bottle,3.2,B2605-001,2026-10-14,,
1833,373,14,25,piece,0.5,B2605-020,,,
1834,373,40,18,cup,0.6,B2605-006,2027-04-14,,
1835,374,6,86,piece,0.05,B2606-031,,,
1836,374,5,85,piece,0.3,B2606-049,,,
1837,374,12,133,box,0.6,B2606-042,,,
1838,374,30,55,bottle,2.5,B2606-008,2027-05-20,,
1839,375,21,87,liter,1.5,B2607-044,2026-11-02,,
1840,375,24,178,bottle,5.5,B2607-042,2026-11-10,,
1841,375,6,82,piece,0.05,B2607-045,,,
1842,375,27,163,bottle,0.3,B2607-001,2026-12-30,,
1843,375,33,46,piece,0.8,B2607-019,2027-04-22,,
1844,375,29,60,bottle,0.7,B2607-037,2027-05-04,,
1845,376,35,25,pack,0.5,B2607-028,2027-02-05,,
1846,376,30,13,bottle,2.5,B2607-022,2026-11-28,,
1847,376,7,11,piece,0.4,B2607-022,,,
1848,376,6,20,piece,0.05,B2607-032,,,
1849,376,12,7,box,0.6,B2607-045,,,
1850,376,38,24,bottle,0.35,B2607-031,2026-12-23,,
1851,376,26,9,can,0.55,B2607-030,2026-11-14,,
1852,377,4,8,piece,0.25,B2609-014,,,
1853,377,24,6,bottle,5.5,B2609-049,2027-07-14,,
1854,377,28,22,pack,0.8,B2609-017,2027-03-10,,
1855,377,31,10,bottle,2.8,B2609-010,2027-01-14,,
1856,377,14,22,piece,0.5,B2609-026,,,
1857,378,6,107,piece,0.05,B2608-049,,,
1858,378,28,96,pack,0.8,B2608-011,2027-02-20,,
1859,379,25,25,can,0.6,B2607-043,2027-04-09,,
1860,379,1,5,piece,0.15,B2607-010,,,
1861,379,36,34,piece,0.7,B2607-010,2027-07-11,,
1862,379,13,25,roll,0.35,B2607-008,,,
1863,379,5,48,piece,0.3,B2607-027,,,
1864,379,10,21,pair,0.45,B2607-034,,,
1865,380,31,2,bottle,8.5,B2609-014,2027-06-05,513,
1866,380,40,2,cup,4.0,B2609-037,2026-12-16,222,
1867,380,36,3,piece,3.5,B2609-020,2027-05-15,301,
1868,381,35,28,pack,0.5,B2609-012,2027-03-06,,
1869,381,28,39,pack,0.8,B2609-028,2027-06-26,,
1870,381,34,23,pack,0.9,B2609-043,2027-07-24,,
1871,381,22,45,liter,3.6,B2609-019,2027-02-01,,
1872,381,8,10,piece,0.55,B2609-007,,,
1873,381,12,10,box,0.6,B2609-042,,,
1874,381,30,6,bottle,2.5,B2609-040,2027-07-11,,
1875,381,39,11,can,1.3,B2609-032,2027-02-02,,
1876,382,28,3,pack,4.0,B2607-042,2027-05-05,414,
1877,382,40,1,cup,4.0,B2607-015,2027-07-01,326,
1878,382,38,3,bottle,2.5,B2607-043,2027-02-27,329,
1879,382,32,3,tube,4.5,B2607-016,2026-10-17,422,
1880,382,26,4,can,3.5,B2607-002,2027-01-01,101,
1881,383,4,7,piece,0.25,B2605-026,,,
1882,383,37,12,piece,1.1,B2605-034,2026-11-01,,
1883,383,28,15,pack,0.8,B2605-015,2026-10-01,,
1884,383,9,6,piece,0.08,B2605-033,,,
1885,383,25,5,can,0.6,B2605-041,2027-02-28,,
1886,384,1,23,piece,0.15,B2606-035,,,
1887,384,38,30,bottle,0.35,B2606-006,2027-04-03,,
1888,384,10,1,pair,0.45,B2606-048,,,
1889,384,2,24,piece,0.22,B2606-009,,,
1890,384,40,15,cup,0.6,B2606-041,2027-03-22,,
1891,385,18,56,bottle,2.1,B2605-041,2026-08-29,,
1892,385,6,183,piece,0.05,B2605-038,,,
1893,386,12,28,box,0.6,B2608-024,,,
1894,386,6,30,piece,0.05,B2608-014,,,
1895,386,5,13,piece,0.3,B2608-007,,,
1896,386,32,16,tube,1.2,B2608-002,2027-06-28,,
1897,387,11,108,pack,0.1,B2609-031,,,
1898,387,12,177,box,0.6,B2609-039,,,
1899,387,20,159,kg,1.8,B2609-001,2027-03-13,,
1900,387,1,153,piece,0.15,B2609-048,,,
1901,387,39,85,can,1.3,B2609-008,2027-03-30,,
1902,387,3,175,piece,0.22,B2609-002,,,
1903,387,8,157,piece,0.55,B2609-002,,,
1904,387,22,152,liter,3.6,B2609-033,2027-03-10,,
1905,388,9,50,piece,0.08,B2605-036,,,
1906,388,18,46,bottle,2.1,B2605-019,2027-04-20,,
1907,388,39,36,can,1.3,B2605-028,2027-05-13,,
1908,388,31,30,bottle,2.8,B2605-013,2026-12-30,,
1909,388,13,16,roll,0.35,B2605-013,,,
1910,388,6,48,piece,0.05,B2605-046,,,
1911,388,23,22,can,2.2,B2605-026,2026-10-15,,
1912,389,18,28,bottle,2.1,B2605-041,2026-09-22,,
1913,389,21,33,liter,1.5,B2605-011,2026-09-07,,
1914,389,7,37,piece,0.4,B2605-017,,,
1915,389,25,42,can,0.6,B2605-027,2027-01-18,,
1916,389,28,43,pack,0.8,B2605-042,2027-05-19,,
1917,389,13,27,roll,0.35,B2605-026,,,
1918,389,23,6,can,2.2,B2605-008,2026-11-21,,
1919,390,35,16,pack,0.5,B2607-037,2027-03-12,,
1920,390,26,9,can,0.55,B2607-036,2026-11-01,,
1921,390,25,14,can,0.6,B2607-019,2027-01-15,,
1922,390,30,18,bottle,2.5,B2607-014,2026-11-20,,
1923,390,36,19,piece,0.7,B2607-018,2026-11-06,,
1924,390,38,20,bottle,0.35,B2607-042,2027-05-02,,
1925,390,37,15,piece,1.1,B2607-021,2027-03-11,,
1926,390,28,8,pack,0.8,B2607-013,2026-10-24,,
1927,391,25,20,can,0.6,B2606-001,2027-05-02,,
1928,391,16,11,bottle,3.2,B2606-009,2027-04-02,,
1929,391,37,3,piece,1.1,B2606-035,2027-06-05,,
1930,391,2,3,piece,0.22,B2606-022,,,
1931,391,19,2,bottle,1.9,B2606-005,2027-05-06,,
1932,391,38,5,bottle,0.35,B2606-027,2027-02-09,,
1933,392,30,44,bottle,2.5,B2604-007,2026-08-03,,
1934,392,32,19,tube,1.2,B2604-004,2026-07-25,,
1935,392,8,13,piece,0.55,B2604-007,,,
1936,392,24,25,bottle,5.5,B2604-045,2027-02-28,,
1937,393,8,24,piece,0.55,B2607-005,,,
1938,393,4,21,piece,0.25,B2607-022,,,
1939,394,28,4,pack,4.0,B2609-008,2027-09-18,422,
1940,394,27,2,bottle,2.5,B2609-043,2027-09-01,516,
1941,394,30,3,bottle,8.0,B2609-047,2027-08-29,325,
1942,394,39,2,can,5.5,B2609-050,2027-05-25,109,
1943,394,34,1,pack,4.0,B2609-016,2027-04-09,318,
1944,395,37,3,piece,5.0,B2604-030,2026-10-01,323,
1945,395,28,1,pack,4.0,B2604-024,2027-01-28,208,
1946,395,32,4,tube,4.5,B2604-013,2027-02-04,517,
1947,395,26,2,can,3.5,B2604-028,2026-10-07,109,
1948,395,30,3,bottle,8.0,B2604-007,2026-09-28,521,
1949,395,39,4,can,5.5,B2604-008,2026-11-15,124,
1950,395,34,1,pack,4.0,B2604-018,2026-07-29,406,
1951,395,33,4,piece,3.5,B2604-023,2026-11-27,515,
1952,396,22,32,liter,3.6,B2607-042,2027-05-01,,
1953,396,4,128,piece,0.25,B2607-013,,,
1954,396,29,95,bottle,0.7,B2607-013,2027-05-12,,
1955,396,18,65,bottle,2.1,B2607-039,2027-03-08,,
1956,396,24,155,bottle,5.5,B2607-039,2027-06-27,,
1957,396,7,152,piece,0.4,B2607-028,,,
1958,397,16,90,bottle,3.2,B2604-015,2027-02-20,,
1959,397,5,120,piece,0.3,B2604-026,,,
1960,397,35,45,pack,0.5,B2604-015,2026-12-12,,
1961,397,7,146,piece,0.4,B2604-014,,,
1962,398,33,98,piece,0.8,B2609-045,2027-04-11,,
1963,398,40,63,cup,0.6,B2609-021,2027-01-14,,
1964,398,31,62,bottle,2.8,B2609-012,2027-05-29,,
1965,399,5,12,piece,0.3,B2609-031,,,
1966,399,11,19,pack,0.1,B2609-001,,,
1967,399,1,16,piece,0.15,B2609-016,,,
1968,399,39,16,can,1.3,B2609-008,2027-01-09,,
1969,400,35,17,pack,0.5,B2608-017,2027-05-16,,
1970,400,32,16,tube,1.2,B2608-001,2027-05-10,,
1971,400,39,11,can,1.3,B2608-046,2027-04-30,,
1972,400,36,18,piece,0.7,B2608-050,2027-07-16,,
1973,400,30,5,bottle,2.5,B2608-018,2027-08-03,,
1974,400,33,2,piece,0.8,B2608-010,2027-06-09,,
1975,400,29,9,bottle,0.7,B2608-043,2027-01-22,,
1976,401,25,45,can,0.6,B2608-044,2027-07-12,,
1977,401,7,38,piece,0.4,B2608-012,,,
1978,401,18,21,bottle,2.1,B2608-044,2027-05-21,,
1979,402,22,1,liter,3.6,B2606-032,2026-11-22,,
1980,402,8,15,piece,0.55,B2606-044,,,
1981,402,28,5,pack,0.8,B2606-034,2027-02-03,,
1982,402,30,20,bottle,2.5,B2606-036,2026-11-30,,
1983,402,23,10,can,2.2,B2606-032,2027-02-02,,
1984,402,19,3,bottle,1.9,B2606-019,2026-09-15,,
1985,402,39,15,can,1.3,B2606-003,2026-12-28,,
1986,403,1,10,piece,0.15,B2608-046,,,
1987,403,4,22,piece,0.25,B2608-010,,,
1988,403,17,17,liter,4.8,B2608-028,2026-12-13,,
1989,403,9,23,piece,0.08,B2608-015,,,
1990,403,23,7,can,2.2,B2608-031,2027-05-02,,
1991,403,19,20,bottle,1.9,B2608-044,2027-05-18,,
1992,403,33,32,piece,0.8,B2608-026,2026-12-22,,
1993,403,10,21,pair,0.45,B2608-020,,,
1994,404,17,40,liter,4.8,B2609-013,2027-05-23,,
1995,404,9,24,piece,0.08,B2609-006,,,
1996,404,27,24,bottle,0.3,B2609-037,2027-08-13,,
1997,405,23,31,can,2.2,B2604-030,2026-08-07,,
1998,405,30,40,bottle,2.5,B2604-002,2027-02-24,,
1999,405,40,10,cup,0.6,B2604-049,2026-10-03,,
2000,405,28,44,pack,0.8,B2604-020,2026-11-25,,
2001,405,39,42,can,1.3,B2604-033,2027-01-31,,
2002,405,27,13,bottle,0.3,B2604-040,2026-12-21,,
2003,406,18,105,bottle,2.1,B2607-039,2026-11-29,,
2004,406,7,94,piece,0.4,B2607-037,,,
2005,407,34,36,pack,0.9,B2605-009,2026-11-22,,
2006,407,10,48,pair,0.45,B2605-041,,,
2007,407,36,14,piece,0.7,B2605-020,2027-01-06,,
2008,408,28,2,pack,4.0,B2609-031,2026-12-18,204,
2009,408,33,4,piece,3.5,B2609-008,2027-05-08,402,
2010,408,26,4,can,3.5,B2609-016,2027-04-18,406,
2011,409,16,11,bottle,3.2,B2607-019,2026-12-08,,
2012,409,11,20,pack,0.1,B2607-032,,,
2013,409,33,13,piece,0.8,B2607-043,2027-03-07,,
2014,409,35,14,pack,0.5,B2607-025,2026-12-11,,
2015,409,13,16,roll,0.35,B2607-027,,,
2016,409,31,15,bottle,2.8,B2607-010,2026-11-01,,
2017,409,37,11,piece,1.1,B2607-030,2026-12-18,,
2018,410,30,18,bottle,2.5,B2604-023,2027-04-02,,
2019,410,18,29,bottle,2.1,B2604-033,2026-08-09,,
2020,410,1,16,piece,0.15,B2604-042,,,
2021,410,11,14,pack,0.1,B2604-023,,,
2022,410,23,46,can,2.2,B2604-047,2026-12-28,,
2023,410,33,34,piece,0.8,B2604-046,2026-09-17,,
2024,410,35,22,pack,0.5,B2604-049,2026-12-10,,
2025,411,34,3,pack,0.9,B2607-003,2026-10-19,,
2026,411,17,28,liter,4.8,B2607-047,2026-12-24,,
2027,411,9,8,piece,0.08,B2607-007,,,
2028,411,21,22,liter,1.5,B2607-007,2027-06-16,,
2029,411,23,30,can,2.2,B2607-044,2027-06-04,,
2030,411,26,11,can,0.55,B2607-049,2027-01-30,,
2031,412,17,2,liter,4.8,B2605-012,2027-01-24,,
2032,412,8,5,piece,0.55,B2605-045,,,
2033,412,3,16,piece,0.22,B2605-025,,,
2034,412,5,6,piece,0.3,B2605-041,,,
2035,412,29,20,bottle,0.7,B2605-036,2026-11-23,,
2036,412,24,8,bottle,5.5,B2605-017,2027-04-21,,
2037,413,6,45,piece,0.05,B2605-043,,,
2038,413,38,11,bottle,0.35,B2605-014,2026-09-06,,
2039,413,2,13,piece,0.22,B2605-001,,,
2040,414,37,27,piece,1.1,B2606-023,2026-12-04,,
2041,414,31,9,bottle,2.8,B2606-029,2027-05-01,,
2042,414,33,45,piece,0.8,B2606-025,2026-10-31,,
2043,415,22,50,liter,3.6,B2604-023,2026-08-28,,
2044,415,2,15,piece,0.22,B2604-019,,,
2045,415,15,9,liter,2.5,B2604-035,2026-11-25,,
2046,415,19,38,bottle,1.9,B2604-040,2027-04-07,,
2047,415,17,24,liter,4.8,B2604-026,2026-08-23,,
2048,415,25,39,can,0.6,B2604-045,2026-09-19,,
2049,416,4,9,piece,0.25,B2604-037,,,
2050,416,9,44,piece,0.08,B2604-045,,,
2051,416,14,7,piece,0.5,B2604-023,,,
2052,416,36,9,piece,0.7,B2604-027,2026-08-18,,
2053,416,22,40,liter,3.6,B2604-031,2026-09-12,,
2054,416,40,22,cup,0.6,B2604-047,2026-07-29,,
2055,416,16,11,bottle,3.2,B2604-003,2027-03-19,,
2056,416,32,37,tube,1.2,B2604-015,2027-01-03,,
2057,417,25,32,can,0.6,B2604-045,2027-02-08,,
2058,417,2,40,piece,0.22,B2604-009,,,
2059,417,36,12,piece,0.7,B2604-029,2026-09-03,,
2060,417,31,44,bottle,2.8,B2604-024,2027-01-01,,
2061,417,4,17,piece,0.25,B2604-022,,,
2062,417,40,32,cup,0.6,B2604-004,2026-11-03,,
2063,417,35,19,pack,0.5,B2604-006,2026-07-10,,
2064,417,9,19,piece,0.08,B2604-027,,,
2065,418,30,2,bottle,8.0,B2606-039,2027-03-23,305,
2066,418,29,4,bottle,4.5,B2606-005,2026-10-10,122,
2067,418,25,3,can,3.5,B2606-032,2027-03-02,507,
2068,418,40,2,cup,4.0,B2606-020,2027-03-07,423,
2069,418,37,3,piece,5.0,B2606-018,2027-02-11,217,
2070,419,31,2,bottle,8.5,B2606-020,2027-01-11,508,
2071,419,39,1,can,5.5,B2606-010,2026-10-14,324,
2072,420,25,17,can,0.6,B2604-002,2027-02-09,,
2073,420,20,14,kg,1.8,B2604-029,2026-08-20,,
2074,420,6,9,piece,0.05,B2604-014,,,
2075,420,4,14,piece,0.25,B2604-012,,,
2076,420,18,15,bottle,2.1,B2604-035,2026-08-24,,
2077,420,40,11,cup,0.6,B2604-003,2027-01-23,,
2078,421,40,14,cup,0.6,B2608-037,2027-08-20,,
2079,421,28,9,pack,0.8,B2608-011,2027-06-11,,
2080,421,39,15,can,1.3,B2608-048,2027-03-29,,
2081,421,4,5,piece,0.25,B2608-001,,,
2082,421,7,9,piece,0.4,B2608-044,,,
2083,421,25,9,can,0.6,B2608-006,2027-04-04,,
2084,421,19,25,bottle,1.9,B2608-035,2027-04-28,,
2085,421,30,11,bottle,2.5,B2608-037,2027-06-18,,
2086,422,20,189,kg,1.8,B2606-021,2027-01-19,,
2087,422,37,65,piece,1.1,B2606-029,2027-04-30,,
2088,423,6,66,piece,0.05,B2604-017,,,
2089,423,18,90,bottle,2.1,B2604-017,2027-03-19,,
2090,423,36,52,piece,0.7,B2604-015,2026-10-06,,
2091,423,21,57,liter,1.5,B2604-040,2026-08-03,,
2092,423,5,79,piece,0.3,B2604-008,,,
2093,423,29,187,bottle,0.7,B2604-003,2026-10-11,,
2094,424,36,1,piece,3.5,B2604-023,2026-09-03,508,
2095,424,33,1,piece,3.5,B2604-008,2027-03-28,515,
2096,425,19,112,bottle,1.9,B2608-022,2027-06-19,,
2097,425,10,186,pair,0.45,B2608-024,,,
2098,425,2,140,piece,0.22,B2608-019,,,
2099,425,21,179,liter,1.5,B2608-002,2027-02-13,,
2100,425,39,114,can,1.3,B2608-003,2027-04-20,,
2101,426,33,25,piece,0.8,B2609-042,2027-01-11,,
2102,426,38,3,bottle,0.35,B2609-015,2027-08-16,,
2103,426,23,19,can,2.2,B2609-041,2027-07-04,,
2104,426,14,18,piece,0.5,B2609-047,,,
2105,426,25,4,can,0.6,B2609-034,2026-12-28,,
2106,426,3,20,piece,0.22,B2609-031,,,
2107,426,10,22,pair,0.45,B2609-034,,,
2108,426,36,17,piece,0.7,B2609-029,2027-05-13,,
2109,427,8,28,piece,0.55,B2606-006,,,
2110,427,16,27,bottle,3.2,B2606-036,2027-06-07,,
2111,427,29,9,bottle,0.7,B2606-024,2027-05-27,,
2112,427,27,43,bottle,0.3,B2606-015,2027-05-09,,
2113,428,17,15,liter,4.8,B2608-027,2027-07-30,,
2114,428,19,6,bottle,1.9,B2608-037,2027-07-25,,
2115,428,22,8,liter,3.6,B2608-012,2027-07-04,,
2116,428,21,2,liter,1.5,B2608-011,2027-01-14,,
2117,428,8,15,piece,0.55,B2608-017,,,
2118,428,6,19,piece,0.05,B2608-046,,,
2119,429,34,23,pack,0.9,B2604-036,2026-11-08,,
2120,429,25,23,can,0.6,B2604-019,2026-09-06,,
2121,429,28,11,pack,0.8,B2604-022,2026-09-01,,
2122,429,23,24,can,2.2,B2604-003,2026-08-14,,
2123,429,9,24,piece,0.08,B2604-023,,,
2124,429,26,15,can,0.55,B2604-027,2027-02-23,,
2125,430,27,3,bottle,2.5,B2608-033,2027-03-22,406,
2126,430,40,1,cup,4.0,B2608-032,2027-04-22,210,
2127,430,25,1,can,3.5,B2608-034,2027-07-17,517,
2128,430,34,4,pack,4.0,B2608-025,2027-04-11,311,
2129,430,37,2,piece,5.0,B2608-048,2027-02-14,202,
2130,430,30,4,bottle,8.0,B2608-037,2027-04-08,509,
2131,430,32,1,tube,4.5,B2608-011,2026-12-29,310,
2132,430,31,3,bottle,8.5,B2608-029,2027-02-21,316,
2133,431,7,27,piece,0.4,B2609-033,,,
2134,431,14,25,piece,0.5,B2609-011,,,
2135,431,36,1,piece,0.7,B2609-039,2026-12-22,,
2136,432,29,5,bottle,0.7,B2608-046,2027-01-02,,
2137,432,34,16,pack,0.9,B2608-028,2027-07-12,,
2138,432,9,10,piece,0.08,B2608-006,,,
2139,432,30,6,bottle,2.5,B2608-018,2026-12-31,,
2140,432,19,13,bottle,1.9,B2608-006,2027-02-23,,
2141,433,27,3,bottle,2.5,B2608-036,2026-11-24,227,
2142,433,36,1,piece,3.5,B2608-038,2027-05-17,205,
2143,433,39,2,can,5.5,B2608-031,2027-01-22,209,
2144,433,30,4,bottle,8.0,B2608-032,2027-03-30,224,
2145,433,25,2,can,3.5,B2608-006,2027-07-28,221,
2146,433,31,2,bottle,8.5,B2608-005,2027-07-15,114,
2147,433,26,2,can,3.5,B2608-027,2027-03-20,202,
2148,434,32,4,tube,4.5,B2608-015,2026-12-27,304,
2149,434,39,3,can,5.5,B2608-021,2027-03-06,415,
2150,434,29,4,bottle,4.5,B2608-030,2027-04-12,106,
2151,434,35,1,pack,3.0,B2608-026,2027-01-04,323,
2152,434,40,4,cup,4.0,B2608-027,2027-02-28,420,
2153,434,36,1,piece,3.5,B2608-033,2027-02-18,309,
2154,434,31,4,bottle,8.5,B2608-050,2027-04-14,118,
2155,434,30,3,bottle,8.0,B2608-026,2027-06-14,314,
2156,435,3,44,piece,0.22,B2606-040,,,
2157,435,20,26,kg,1.8,B2606-009,2026-09-16,,
2158,435,29,6,bottle,0.7,B2606-025,2026-10-22,,
2159,435,27,50,bottle,0.3,B2606-022,2027-03-05,,
2160,435,15,40,liter,2.5,B2606-005,2026-10-01,,
2161,435,11,38,pack,0.1,B2606-014,,,
2162,435,14,28,piece,0.5,B2606-035,,,
2163,435,8,17,piece,0.55,B2606-011,,,
2164,436,14,28,piece,0.5,B2606-002,,,
2165,436,36,25,piece,0.7,B2606-034,2026-11-03,,
2166,436,16,17,bottle,3.2,B2606-026,2027-05-18,,
2167,436,1,2,piece,0.15,B2606-011,,,
2168,436,3,10,piece,0.22,B2606-020,,,
2169,437,18,38,bottle,2.1,B2606-033,2027-04-07,,
2170,437,6,25,piece,0.05,B2606-001,,,
2171,437,5,158,piece,0.3,B2606-039,,,
2172,438,2,21,piece,0.22,B2605-037,,,
2173,438,20,16,kg,1.8,B2605-025,2027-01-14,,
2174,438,18,14,bottle,2.1,B2605-006,2026-12-09,,
2175,438,30,14,bottle,2.5,B2605-036,2027-01-07,,
2176,438,13,16,roll,0.35,B2605-019,,,
2177,438,7,30,piece,0.4,B2605-045,,,
2178,438,17,18,liter,4.8,B2605-033,2026-12-21,,
2179,439,15,11,liter,2.5,B2607-042,2027-03-11,,
2180,439,29,26,bottle,0.7,B2607-010,2026-11-14,,
2181,439,24,11,bottle,5.5,B2607-036,2026-12-28,,
2182,439,31,18,bottle,2.8,B2607-032,2027-02-07,,
2183,439,37,10,piece,1.1,B2607-010,2027-04-27,,
2184,440,35,4,pack,3.0,B2604-045,2026-10-30,109,
2185,440,38,4,bottle,2.5,B2604-021,2026-11-12,516,
2186,440,27,3,bottle,2.5,B2604-031,2027-04-04,423,
2187,440,25,1,can,3.5,B2604-045,2026-08-23,114,
2188,440,30,4,bottle,8.0,B2604-001,2026-10-05,225,
2189,440,34,1,pack,4.0,B2604-029,2026-09-11,207,
2190,440,40,1,cup,4.0,B2604-011,2027-04-09,416,
2191,441,18,38,bottle,2.1,B2604-044,2026-10-14,,
2192,441,34,44,pack,0.9,B2604-046,2027-01-08,,
2193,441,21,38,liter,1.5,B2604-039,2026-11-07,,
2194,441,24,35,bottle,5.5,B2604-030,2026-10-17,,
2195,441,11,26,pack,0.1,B2604-048,,,
2196,441,10,13,pair,0.45,B2604-011,,,
2197,441,19,38,bottle,1.9,B2604-046,2027-03-01,,
2198,442,13,137,roll,0.35,B2605-022,,,
2199,442,7,44,piece,0.4,B2605-004,,,
2200,442,35,179,pack,0.5,B2605-030,2026-10-26,,
2201,443,28,171,pack,0.8,B2609-010,2027-01-28,,
2202,443,38,75,bottle,0.35,B2609-018,2027-03-08,,
2203,443,20,87,kg,1.8,B2609-037,2027-01-28,,
2204,443,24,52,bottle,5.5,B2609-034,2027-06-21,,
2205,443,26,104,can,0.55,B2609-037,2027-04-27,,
2206,443,17,177,liter,4.8,B2609-043,2027-08-06,,
2207,443,13,73,roll,0.35,B2609-011,,,
2208,443,5,20,piece,0.3,B2609-015,,,
2209,444,9,16,piece,0.08,B2605-028,,,
2210,444,33,17,piece,0.8,B2605-021,2027-01-06,,
2211,445,20,43,kg,1.8,B2608-014,2027-02-13,,
2212,445,34,45,pack,0.9,B2608-018,2027-02-01,,
2213,445,21,32,liter,1.5,B2608-036,2027-07-04,,
2214,445,6,36,piece,0.05,B2608-045,,,
2215,446,23,7,can,2.2,B2609-048,2026-12-18,,
2216,446,28,8,pack,0.8,B2609-029,2027-06-15,,
2217,446,14,18,piece,0.5,B2609-013,,,
2218,446,36,2,piece,0.7,B2609-038,2027-05-20,,
2219,446,13,12,roll,0.35,B2609-007,,,
2220,446,25,13,can,0.6,B2609-017,2027-08-27,,
2221,446,24,2,bottle,5.5,B2609-039,2027-05-01,,
2222,447,4,141,piece,0.25,B2607-048,,,
2223,447,37,185,piece,1.1,B2607-049,2026-12-01,,
2224,447,2,29,piece,0.22,B2607-024,,,
2225,447,31,27,bottle,2.8,B2607-040,2026-12-26,,
2226,447,30,200,bottle,2.5,B2607-048,2027-01-07,,
2227,447,32,53,tube,1.2,B2607-006,2027-05-11,,
2228,447,12,50,box,0.6,B2607-004,,,
2229,448,2,47,piece,0.22,B2604-026,,,
2230,448,22,31,liter,3.6,B2604-043,2026-08-24,,
2231,448,21,9,liter,1.5,B2604-013,2027-04-06,,
2232,448,11,14,pack,0.1,B2604-047,,,
2233,448,24,22,bottle,5.5,B2604-006,2026-10-20,,
2234,448,34,33,pack,0.9,B2604-003,2026-12-12,,
2235,448,1,43,piece,0.15,B2604-013,,,
2236,449,28,1,pack,4.0,B2609-030,2027-01-23,530,
2237,449,30,1,bottle,8.0,B2609-047,2027-01-22,106,
2238,449,32,2,tube,4.5,B2609-041,2026-12-19,319,
2239,449,34,2,pack,4.0,B2609-041,2027-06-18,107,
2240,450,19,25,bottle,1.9,B2609-027,2027-04-15,,
2241,450,12,17,box,0.6,B2609-018,,,
2242,450,18,17,bottle,2.1,B2609-012,2027-05-21,,
2243,450,9,21,piece,0.08,B2609-045,,,
2244,450,37,33,piece,1.1,B2609-017,2027-02-06,,
2245,451,3,14,piece,0.22,B2609-035,,,
2246,451,38,41,bottle,0.35,B2609-014,2027-07-21,,
2247,451,25,27,can,0.6,B2609-042,2027-05-07,,
2248,452,8,47,piece,0.55,B2608-041,,,
2249,452,34,16,pack,0.9,B2608-031,2027-01-18,,
2250,453,7,26,piece,0.4,B2608-042,,,
2251,453,23,11,can,2.2,B2608-012,2027-05-23,,
2252,453,1,24,piece,0.15,B2608-011,,,
2253,453,11,34,pack,0.1,B2608-035,,,
2254,453,27,16,bottle,0.3,B2608-049,2026-12-02,,
2255,453,31,33,bottle,2.8,B2608-040,2027-07-12,,
2256,453,22,42,liter,3.6,B2608-037,2027-07-01,,
2257,454,37,4,piece,5.0,B2606-026,2026-09-16,319,
2258,454,29,2,bottle,4.5,B2606-020,2027-05-28,506,
2259,454,25,2,can,3.5,B2606-009,2026-11-07,525,
2260,454,28,3,pack,4.0,B2606-020,2026-11-13,103,
2261,454,33,3,piece,3.5,B2606-011,2027-04-25,413,
2262,454,26,1,can,3.5,B2606-012,2027-02-03,207,
2263,454,31,3,bottle,8.5,B2606-016,2026-12-15,106,
2264,455,31,48,bottle,2.8,B2609-026,2027-04-09,,
2265,455,36,35,piece,0.7,B2609-043,2027-07-02,,
2266,456,21,22,liter,1.5,B2607-048,2026-10-20,,
2267,456,19,8,bottle,1.9,B2607-039,2027-01-06,,
2268,456,28,25,pack,0.8,B2607-016,2027-04-13,,
2269,456,26,12,can,0.55,B2607-022,2027-06-20,,
2270,456,35,27,pack,0.5,B2607-001,2027-04-28,,
2271,456,5,30,piece,0.3,B2607-005,,,
2272,456,23,21,can,2.2,B2607-015,2026-12-16,,
2273,456,32,16,tube,1.2,B2607-013,2026-10-29,,
2274,457,20,21,kg,1.8,B2606-027,2026-12-24,,
2275,457,25,15,can,0.6,B2606-026,2027-06-15,,
2276,457,31,11,bottle,2.8,B2606-030,2026-11-05,,
2277,457,3,27,piece,0.22,B2606-044,,,
2278,458,25,4,can,3.5,B2605-028,2026-12-20,110,
2279,458,32,1,tube,4.5,B2605-029,2027-04-24,526,
2280,458,35,3,pack,3.0,B2605-022,2027-05-10,423,
2281,458,38,3,bottle,2.5,B2605-012,2027-03-15,126,
2282,458,31,4,bottle,8.5,B2605-001,2027-01-29,105,
2283,459,8,15,piece,0.55,B2608-024,,,
2284,459,32,2,tube,1.2,B2608-039,2027-05-16,,
2285,460,29,24,bottle,0.7,B2604-041,2026-07-24,,
2286,460,21,43,liter,1.5,B2604-008,2027-01-04,,
2287,461,29,2,bottle,4.5,B2605-030,2026-09-02,519,
2288,461,35,1,pack,3.0,B2605-003,2026-10-27,312,
2289,461,32,1,tube,4.5,B2605-047,2026-09-22,417,
2290,461,31,3,bottle,8.5,B2605-026,2026-08-24,314,
2291,461,40,2,cup,4.0,B2605-042,2026-09-22,324,
2292,461,30,4,bottle,8.0,B2605-013,2026-12-24,126,
2293,461,38,3,bottle,2.5,B2605-035,2026-12-15,517,
2294,462,30,2,bottle,8.0,B2608-001,2027-06-19,309,
2295,462,29,2,bottle,4.5,B2608-027,2027-01-28,126,
2296,462,33,3,piece,3.5,B2608-039,2027-05-04,315,
2297,462,35,1,pack,3.0,B2608-002,2027-05-08,208,
2298,462,25,2,can,3.5,B2608-019,2027-07-16,120,
2299,462,34,4,pack,4.0,B2608-035,2027-06-10,511,
2300,462,31,4,bottle,8.5,B2608-022,2027-05-16,501,
2301,463,26,45,can,0.55,B2607-032,2027-04-20,,
2302,463,3,10,piece,0.22,B2607-014,,,
2303,463,37,38,piece,1.1,B2607-024,2027-03-30,,
2304,463,6,23,piece,0.05,B2607-049,,,
2305,464,2,29,piece,0.22,B2605-035,,,
2306,464,19,13,bottle,1.9,B2605-025,2026-10-10,,
2307,464,36,11,piece,0.7,B2605-026,2026-11-27,,
2308,464,32,18,tube,1.2,B2605-008,2027-01-03,,
2309,464,16,16,bottle,3.2,B2605-011,2027-03-01,,
2310,465,21,36,liter,1.5,B2607-049,2027-06-09,,
2311,465,33,23,piece,0.8,B2607-029,2027-01-03,,
2312,465,35,16,pack,0.5,B2607-026,2027-03-11,,
2313,465,38,5,bottle,0.35,B2607-035,2027-04-04,,
2314,465,26,34,can,0.55,B2607-042,2027-01-11,,
2315,465,15,48,liter,2.5,B2607-007,2027-04-29,,
2316,465,36,42,piece,0.7,B2607-042,2027-05-17,,
2317,466,33,9,piece,0.8,B2609-011,2027-08-07,,
2318,466,6,4,piece,0.05,B2609-024,,,
2319,466,37,2,piece,1.1,B2609-048,2027-06-26,,
2320,466,27,19,bottle,0.3,B2609-033,2027-03-17,,
2321,466,2,7,piece,0.22,B2609-030,,,
2322,466,21,13,liter,1.5,B2609-047,2027-04-10,,
2323,467,30,138,bottle,2.5,B2605-033,2026-09-27,,
2324,467,16,174,bottle,3.2,B2605-022,2026-10-22,,
2325,467,39,82,can,1.3,B2605-030,2026-09-06,,
2326,467,29,21,bottle,0.7,B2605-048,2026-08-18,,
2327,467,12,194,box,0.6,B2605-044,,,
2328,468,35,30,pack,0.5,B2604-047,2026-08-07,,
2329,468,2,28,piece,0.22,B2604-026,,,
2330,468,29,50,bottle,0.7,B2604-033,2027-02-28,,
2331,468,31,32,bottle,2.8,B2604-008,2026-09-09,,
2332,468,4,14,piece,0.25,B2604-017,,,
2333,468,19,42,bottle,1.9,B2604-049,2026-09-13,,
2334,469,31,1,bottle,8.5,B2609-046,2027-08-23,429,
2335,469,29,2,bottle,4.5,B2609-019,2027-07-30,311,
2336,469,26,3,can,3.5,B2609-017,2027-05-04,423,
2337,469,30,1,bottle,8.0,B2609-034,2027-05-11,205,
2338,469,35,1,pack,3.0,B2609-024,2027-06-18,229,
2339,470,29,2,bottle,4.5,B2608-019,2027-06-06,220,
2340,470,36,3,piece,3.5,B2608-014,2027-04-26,201,
2341,470,37,2,piece,5.0,B2608-017,2027-05-27,501,
2342,470,39,4,can,5.5,B2608-011,2027-05-17,420,
2343,471,30,1,bottle,8.0,B2607-020,2027-01-17,308,
2344,471,32,2,tube,4.5,B2607-039,2026-12-04,209,
2345,471,31,2,bottle,8.5,B2607-030,2026-10-10,316,
2346,471,25,2,can,3.5,B2607-043,2026-10-20,212,
2347,471,35,4,pack,3.0,B2607-033,2026-11-07,111,
2348,472,12,40,box,0.6,B2607-018,,,
2349,472,16,10,bottle,3.2,B2607-048,2027-01-27,,
2350,472,15,9,liter,2.5,B2607-009,2027-07-16,,
2351,472,30,24,bottle,2.5,B2607-004,2027-02-05,,
2352,472,40,19,cup,0.6,B2607-016,2027-06-23,,
2353,472,3,34,piece,0.22,B2607-007,,,
2354,472,18,39,bottle,2.1,B2607-004,2027-04-03,,
2355,473,31,20,bottle,2.8,B2608-028,2026-12-26,,
2356,473,34,16,pack,0.9,B2608-050,2027-02-06,,
2357,473,32,20,tube,1.2,B2608-041,2027-06-20,,
2358,473,29,2,bottle,0.7,B2608-017,2027-05-26,,
2359,473,39,10,can,1.3,B2608-032,2027-01-28,,
2360,473,25,12,can,0.6,B2608-033,2027-07-04,,
2361,474,20,25,kg,1.8,B2608-033,2027-07-11,,
2362,474,29,36,bottle,0.7,B2608-011,2027-02-12,,
2363,474,8,9,piece,0.55,B2608-049,,,
2364,474,12,32,box,0.6,B2608-044,,,
2365,474,32,24,tube,1.2,B2608-007,2027-06-27,,
2366,474,1,26,piece,0.15,B2608-041,,,
2367,475,35,1,pack,3.0,B2604-040,2026-11-11,330,
2368,475,37,2,piece,5.0,B2604-013,2027-02-14,306,
2369,475,33,2,piece,3.5,B2604-043,2026-10-15,220,
2370,475,32,3,tube,4.5,B2604-042,2027-02-25,516,
2371,476,34,3,pack,4.0,B2606-020,2027-04-10,315,
2372,476,30,4,bottle,8.0,B2606-049,2027-03-30,401,
2373,476,36,1,piece,3.5,B2606-042,2026-11-15,412,
2374,477,2,12,piece,0.22,B2609-036,,,
2375,477,21,19,liter,1.5,B2609-048,2027-04-08,,
2376,477,28,8,pack,0.8,B2609-040,2027-09-10,,
2377,477,25,16,can,0.6,B2609-018,2027-02-19,,
2378,478,39,45,can,1.3,B2608-004,2027-04-23,,
2379,478,38,90,bottle,0.35,B2608-035,2027-05-07,,
2380,478,25,132,can,0.6,B2608-019,2026-12-25,,
2381,478,4,140,piece,0.25,B2608-009,,,
2382,479,13,19,roll,0.35,B2607-035,,,
2383,479,36,25,piece,0.7,B2607-043,2027-02-23,,
2384,479,6,18,piece,0.05,B2607-034,,,
2385,479,29,27,bottle,0.7,B2607-019,2026-10-24,,
2386,479,16,5,bottle,3.2,B2607-050,2026-11-16,,
2387,479,21,28,liter,1.5,B2607-045,2027-03-22,,
2388,480,22,2,liter,3.6,B2605-009,2026-10-23,,
2389,480,13,15,roll,0.35,B2605-028,,,
2390,480,17,14,liter,4.8,B2605-032,2026-09-16,,
2391,480,39,18,can,1.3,B2605-004,2027-05-12,,
2392,481,5,12,piece,0.3,B2608-035,,,
2393,481,37,15,piece,1.1,B2608-033,2026-12-20,,
2394,481,6,41,piece,0.05,B2608-030,,,
2395,481,36,44,piece,0.7,B2608-042,2027-02-11,,
2396,482,27,3,bottle,2.5,B2607-050,2027-06-05,417,
2397,482,40,1,cup,4.0,B2607-019,2026-10-30,419,
2398,482,35,4,pack,3.0,B2607-015,2027-04-10,101,
2399,482,34,4,pack,4.0,B2607-015,2027-04-12,209,
2400,483,7,43,piece,0.4,B2608-003,,,
2401,483,2,13,piece,0.22,B2608-035,,,
2402,483,35,27,pack,0.5,B2608-005,2027-05-10,,
2403,484,14,5,piece,0.5,B2605-029,,,
2404,484,23,4,can,2.2,B2605-025,2026-09-02,,
2405,484,2,15,piece,0.22,B2605-048,,,
2406,485,25,3,can,0.6,B2604-012,2027-03-28,,
2407,485,38,30,bottle,0.35,B2604-038,2027-04-02,,
2408,485,8,4,piece,0.55,B2604-011,,,
2409,486,31,3,bottle,8.5,B2609-033,2027-01-27,409,
2410,486,26,4,can,3.5,B2609-025,2027-07-04,101,
2411,486,37,4,piece,5.0,B2609-024,2027-05-08,112,
2412,487,2,28,piece,0.22,B2605-016,,,
2413,487,18,6,bottle,2.1,B2605-037,2026-08-31,,
2414,487,21,5,liter,1.5,B2605-034,2026-11-14,,
2415,487,3,5,piece,0.22,B2605-045,,,
2416,487,10,16,pair,0.45,B2605-049,,,
2417,488,34,113,pack,0.9,B2607-008,2026-12-25,,
2418,488,10,27,pair,0.45,B2607-032,,,
2419,488,12,72,box,0.6,B2607-020,,,
2420,489,3,43,piece,0.22,B2609-047,,,
2421,489,10,38,pair,0.45,B2609-011,,,
2422,489,27,15,bottle,0.3,B2609-007,2026-12-13,,
2423,489,35,27,pack,0.5,B2609-015,2027-01-22,,
2424,489,25,31,can,0.6,B2609-005,2027-02-01,,
2425,490,20,17,kg,1.8,B2608-017,2027-01-18,,
2426,490,31,12,bottle,2.8,B2608-043,2027-05-20,,
2427,491,10,9,pair,0.45,B2608-017,,,
2428,491,15,7,liter,2.5,B2608-047,2027-04-06,,
2429,491,6,12,piece,0.05,B2608-046,,,
2430,491,7,16,piece,0.4,B2608-043,,,
2431,491,26,20,can,0.55,B2608-034,2027-07-25,,
2432,491,19,20,bottle,1.9,B2608-018,2027-01-09,,
2433,491,37,12,piece,1.1,B2608-028,2027-05-13,,
2434,491,16,6,bottle,3.2,B2608-038,2026-11-20,,
2435,492,32,4,tube,4.5,B2605-037,2027-04-22,301,
2436,492,27,4,bottle,2.5,B2605-041,2027-03-14,307,
2437,493,33,26,piece,0.8,B2609-032,2027-07-27,,
2438,493,22,47,liter,3.6,B2609-007,2027-05-30,,
2439,493,12,38,box,0.6,B2609-017,,,
2440,493,17,9,liter,4.8,B2609-024,2027-07-12,,
2441,494,34,4,pack,4.0,B2605-033,2026-11-28,503,
2442,494,27,4,bottle,2.5,B2605-010,2026-12-18,507,
2443,494,38,1,bottle,2.5,B2605-048,2027-02-24,224,
2444,494,30,2,bottle,8.0,B2605-034,2027-05-22,528,
2445,494,29,1,bottle,4.5,B2605-035,2026-12-22,512,
2446,494,32,2,tube,4.5,B2605-007,2026-11-19,306,
2447,495,37,4,piece,5.0,B2608-031,2027-07-12,514,
2448,495,29,3,bottle,4.5,B2608-020,2026-11-15,224,
2449,496,11,69,pack,0.1,B2609-016,,,
2450,496,16,109,bottle,3.2,B2609-005,2027-03-28,,
2451,496,26,90,can,0.55,B2609-009,2027-06-26,,
2452,496,27,51,bottle,0.3,B2609-047,2027-02-18,,
2453,496,38,72,bottle,0.35,B2609-029,2027-02-13,,
2454,497,40,4,cup,4.0,B2609-008,2027-07-30,327,
2455,497,28,2,pack,4.0,B2609-049,2027-06-02,129,
2456,498,11,3,pack,0.1,B2606-047,,,
2457,498,32,20,tube,1.2,B2606-039,2027-03-07,,
2458,498,19,8,bottle,1.9,B2606-043,2027-05-14,,
2459,498,15,27,liter,2.5,B2606-045,2027-04-12,,
2460,498,34,14,pack,0.9,B2606-004,2026-10-26,,
2461,498,7,28,piece,0.4,B2606-050,,,
2462,499,23,50,can,2.2,B2609-032,2027-04-13,,
2463,499,6,42,piece,0.05,B2609-032,,,
2464,499,1,19,piece,0.15,B2609-038,,,
2465,499,7,32,piece,0.4,B2609-043,,,
2466,500,38,41,bottle,0.35,B2609-007,2027-01-31,,
2467,500,7,20,piece,0.4,B2609-024,,,
2468,501,34,41,pack,0.9,B2604-012,2026-07-22,,
2469,501,3,45,piece,0.22,B2604-022,,,
2470,501,26,11,can,0.55,B2604-019,2027-02-06,,
2471,501,28,6,pack,0.8,B2604-047,2027-02-28,,
2472,501,2,21,piece,0.22,B2604-023,,,
2473,501,14,48,piece,0.5,B2604-023,,,
2474,502,11,30,pack,0.1,B2607-049,,,
2475,502,14,27,piece,0.5,B2607-050,,,
2476,502,36,16,piece,0.7,B2607-032,2026-12-06,,
2477,502,21,26,liter,1.5,B2607-023,2027-07-24,,
2478,503,35,4,pack,3.0,B2606-046,2027-05-22,209,
2479,503,34,3,pack,4.0,B2606-029,2027-03-20,326,
2480,503,32,2,tube,4.5,B2606-002,2026-11-12,211,
2481,503,40,2,cup,4.0,B2606-033,2027-02-14,510,
2482,503,27,2,bottle,2.5,B2606-045,2026-10-24,420,
2483,504,9,165,piece,0.08,B2606-006,,,
2484,504,25,102,can,0.6,B2606-015,2027-04-19,,
2485,504,7,30,piece,0.4,B2606-016,,,
2486,504,19,160,bottle,1.9,B2606-010,2027-01-23,,
2487,504,40,26,cup,0.6,B2606-032,2026-12-28,,
2488,505,19,1,bottle,1.9,B2605-040,2027-04-30,,
2489,505,16,27,bottle,3.2,B2605-029,2027-03-26,,
2490,506,17,39,liter,4.8,B2605-023,2026-09-24,,
2491,506,24,49,bottle,5.5,B2605-009,2027-01-27,,
2492,506,28,49,pack,0.8,B2605-016,2027-05-18,,
2493,506,16,42,bottle,3.2,B2605-009,2026-10-04,,
2494,506,21,37,liter,1.5,B2605-046,2027-04-16,,
2495,507,30,33,bottle,2.5,B2606-032,2027-05-08,,
2496,507,40,9,cup,0.6,B2606-011,2026-10-08,,
2497,508,37,36,piece,1.1,B2608-028,2027-01-06,,
2498,508,17,30,liter,4.8,B2608-014,2027-06-18,,
2499,508,2,24,piece,0.22,B2608-035,,,
2500,508,39,49,can,1.3,B2608-044,2027-04-03,,
2501,509,23,15,can,2.2,B2608-047,2027-02-22,,
2502,509,38,20,bottle,0.35,B2608-039,2027-02-14,,
2503,509,8,16,piece,0.55,B2608-002,,,
2504,509,5,46,piece,0.3,B2608-032,,,
2505,509,37,12,piece,1.1,B2608-022,2026-12-30,,
2506,509,34,11,pack,0.9,B2608-026,2027-06-01,,
2507,509,27,31,bottle,0.3,B2608-025,2027-07-15,,
2508,510,6,78,piece,0.05,B2604-023,,,
2509,510,12,185,box,0.6,B2604-041,,,
2510,510,17,40,liter,4.8,B2604-022,2027-03-12,,
2511,510,26,44,can,0.55,B2604-034,2026-12-02,,
2512,510,13,25,roll,0.35,B2604-039,,,
2513,511,20,64,kg,1.8,B2604-013,2027-04-05,,
2514,511,2,66,piece,0.22,B2604-035,,,
2515,511,37,75,piece,1.1,B2604-023,2026-09-11,,
2516,511,24,194,bottle,5.5,B2604-010,2027-01-31,,
2517,511,5,166,piece,0.3,B2604-012,,,
2518,512,20,4,kg,1.8,B2607-023,2027-01-21,,
2519,512,19,19,bottle,1.9,B2607-034,2027-01-14,,
2520,513,25,8,can,0.6,B2609-024,2027-02-11,,
2521,513,29,8,bottle,0.7,B2609-032,2027-03-07,,
2522,513,8,26,piece,0.55,B2609-026,,,
2523,513,36,2,piece,0.7,B2609-023,2026-12-31,,
2524,513,5,30,piece,0.3,B2609-031,,,
2525,513,22,26,liter,3.6,B2609-043,2027-01-20,,
2526,514,9,21,piece,0.08,B2608-028,,,
2527,514,29,13,bottle,0.7,B2608-028,2027-05-23,,
2528,514,13,3,roll,0.35,B2608-032,,,
2529,514,19,1,bottle,1.9,B2608-032,2027-01-03,,
2530,515,4,46,piece,0.25,B2606-021,,,
2531,515,34,8,pack,0.9,B2606-035,2026-09-30,,
2532,515,3,8,piece,0.22,B2606-020,,,
2533,515,13,29,roll,0.35,B2606-013,,,
2534,515,6,27,piece,0.05,B2606-035,,,
2535,515,20,8,kg,1.8,B2606-044,2027-04-26,,
2536,515,12,37,box,0.6,B2606-034,,,
2537,516,21,30,liter,1.5,B2605-025,2026-12-06,,
2538,516,5,29,piece,0.3,B2605-045,,,
2539,516,14,4,piece,0.5,B2605-019,,,
2540,516,32,1,tube,1.2,B2605-016,2027-02-08,,
2541,516,38,6,bottle,0.35,B2605-025,2026-12-17,,
2542,516,1,12,piece,0.15,B2605-026,,,
2543,516,3,2,piece,0.22,B2605-010,,,
2544,517,27,91,bottle,0.3,B2607-013,2027-06-22,,
2545,517,25,84,can,0.6,B2607-039,2026-10-21,,
2546,518,28,3,pack,4.0,B2609-017,2027-07-16,224,
2547,518,26,3,can,3.5,B2609-019,2027-05-07,510,
2548,518,27,1,bottle,2.5,B2609-013,2027-02-07,113,
2549,518,37,4,piece,5.0,B2609-034,2027-01-12,205,
2550,518,32,4,tube,4.5,B2609-008,2027-04-21,404,
2551,518,39,1,can,5.5,B2609-006,2027-01-28,406,
2552,518,38,2,bottle,2.5,B2609-024,2027-08-06,420,
2553,519,35,1,pack,3.0,B2609-017,2027-03-15,211,
2554,519,25,3,can,3.5,B2609-042,2027-01-13,407,
2555,519,34,4,pack,4.0,B2609-019,2027-08-31,405,
2556,520,39,162,can,1.3,B2606-011,2026-12-05,,
2557,520,34,160,pack,0.9,B2606-021,2026-10-22,,
2558,520,19,48,bottle,1.9,B2606-044,2026-10-26,,
2559,521,1,8,piece,0.15,B2606-025,,,
2560,521,25,41,can,0.6,B2606-008,2027-01-12,,
2561,521,37,45,piece,1.1,B2606-003,2026-10-27,,
2562,522,17,157,liter,4.8,B2606-024,2027-01-02,,
2563,522,23,56,can,2.2,B2606-019,2026-12-08,,
2564,522,30,119,bottle,2.5,B2606-017,2026-12-01,,
2565,522,31,114,bottle,2.8,B2606-048,2026-09-20,,
2566,522,10,130,pair,0.45,B2606-020,,,
2567,522,38,56,bottle,0.35,B2606-003,2027-05-03,,
2568,523,29,25,bottle,0.7,B2605-043,2027-02-21,,
2569,523,25,13,can,0.6,B2605-047,2027-04-29,,
2570,523,30,18,bottle,2.5,B2605-016,2026-11-20,,
2571,523,24,50,bottle,5.5,B2605-013,2026-11-08,,
2572,523,22,47,liter,3.6,B2605-040,2027-02-03,,
2573,524,35,10,pack,0.5,B2609-050,2027-07-10,,
2574,524,29,2,bottle,0.7,B2609-013,2027-04-01,,
2575,525,25,22,can,0.6,B2608-048,2027-01-27,,
2576,525,37,46,piece,1.1,B2608-026,2027-02-18,,
2577,525,12,14,box,0.6,B2608-027,,,
2578,526,5,27,piece,0.3,B2608-013,,,
2579,526,6,14,piece,0.05,B2608-014,,,
2580,526,2,24,piece,0.22,B2608-005,,,
2581,526,1,28,piece,0.15,B2608-040,,,
2582,526,4,25,piece,0.25,B2608-038,,,
2583,526,22,33,liter,3.6,B2608-031,2027-04-23,,
2584,526,39,50,can,1.3,B2608-012,2027-03-29,,
2585,526,21,24,liter,1.5,B2608-007,2027-01-21,,
2586,527,31,4,bottle,2.8,B2607-049,2026-11-03,,
2587,527,18,5,bottle,2.1,B2607-025,2027-06-13,,
2588,527,16,13,bottle,3.2,B2607-031,2027-01-09,,
2589,527,8,25,piece,0.55,B2607-002,,,
2590,527,10,19,pair,0.45,B2607-045,,,
2591,527,29,27,bottle,0.7,B2607-024,2027-05-27,,
2592,528,5,24,piece,0.3,B2604-044,,,
2593,528,12,30,box,0.6,B2604-010,,,
2594,528,9,12,piece,0.08,B2604-043,,,
2595,528,40,17,cup,0.6,B2604-041,2026-12-16,,
2596,529,17,15,liter,4.8,B2609-004,2027-04-02,,
2597,529,13,49,roll,0.35,B2609-020,,,
2598,529,33,21,piece,0.8,B2609-029,2027-07-10,,
2599,529,18,26,bottle,2.1,B2609-003,2027-04-19,,
2600,529,34,47,pack,0.9,B2609-030,2027-01-11,,
2601,529,2,26,piece,0.22,B2609-036,,,
2602,529,32,7,tube,1.2,B2609-009,2026-12-06,,
2603,529,21,41,liter,1.5,B2609-002,2027-05-04,,
2604,530,24,50,bottle,5.5,B2607-022,2026-12-13,,
2605,530,33,27,piece,0.8,B2607-047,2027-02-17,,
2606,530,28,40,pack,0.8,B2607-013,2027-06-14,,
2607,530,27,23,bottle,0.3,B2607-018,2026-11-18,,
2608,531,16,6,bottle,3.2,B2608-024,2026-12-10,,
2609,531,5,5,piece,0.3,B2608-037,,,
2610,532,39,5,can,1.3,B2604-004,2026-09-11,,
2611,532,35,8,pack,0.5,B2604-048,2026-08-12,,
2612,532,38,7,bottle,0.35,B2604-006,2026-08-17,,
2613,532,30,2,bottle,2.5,B2604-028,2026-10-29,,
2614,532,40,8,cup,0.6,B2604-004,2026-08-11,,
2615,532,26,14,can,0.55,B2604-021,2027-03-30,,
2616,532,34,8,pack,0.9,B2604-031,2026-10-11,,
2617,533,25,2,can,3.5,B2607-035,2027-02-01,305,
2618,533,26,1,can,3.5,B2607-012,2027-04-10,107,
2619,533,27,2,bottle,2.5,B2607-041,2027-03-28,213,
2620,534,25,3,can,3.5,B2607-011,2026-11-19,325,
2621,534,35,1,pack,3.0,B2607-023,2026-11-16,116,
2622,534,39,4,can,5.5,B2607-049,2027-06-02,122,
2623,535,21,145,liter,1.5,B2608-021,2027-03-04,,
2624,535,29,78,bottle,0.7,B2608-038,2027-02-22,,
2625,535,23,30,can,2.2,B2608-045,2027-05-26,,
2626,535,31,124,bottle,2.8,B2608-030,2027-07-21,,
2627,535,24,103,bottle,5.5,B2608-026,2027-07-22,,
2628,535,32,138,tube,1.2,B2608-029,2027-02-13,,
2629,535,20,56,kg,1.8,B2608-048,2027-06-12,,
2630,536,28,14,pack,0.8,B2606-038,2026-12-22,,
2631,536,12,18,box,0.6,B2606-007,,,
2632,537,20,78,kg,1.8,B2606-013,2027-05-14,,
2633,537,36,175,piece,0.7,B2606-047,2027-05-20,,
2634,537,18,130,bottle,2.1,B2606-028,2026-11-27,,
2635,538,16,18,bottle,3.2,B2604-027,2027-04-04,,
2636,538,34,5,pack,0.9,B2604-020,2026-10-16,,
2637,538,32,26,tube,1.2,B2604-041,2027-01-02,,
2638,539,36,1,piece,3.5,B2609-024,2027-07-01,115,
2639,539,37,2,piece,5.0,B2609-045,2027-03-29,211,
2640,539,40,3,cup,4.0,B2609-018,2027-05-23,426,
2641,539,27,3,bottle,2.5,B2609-009,2027-05-13,229,
2642,539,30,2,bottle,8.0,B2609-016,2027-04-06,520,
2643,539,34,4,pack,4.0,B2609-002,2027-05-09,516,
2644,539,32,1,tube,4.5,B2609-010,2027-05-13,425,
2645,540,18,35,bottle,2.1,B2609-031,2027-04-06,,
2646,540,10,77,pair,0.45,B2609-041,,,
2647,540,24,20,bottle,5.5,B2609-021,2027-06-01,,
2648,541,31,18,bottle,2.8,B2606-033,2027-01-29,,
2649,541,39,9,can,1.3,B2606-025,2027-04-11,,
2650,541,34,2,pack,0.9,B2606-020,2027-01-18,,
2651,541,38,8,bottle,0.35,B2606-010,2027-02-05,,
2652,541,26,2,can,0.55,B2606-002,2027-04-10,,
2653,541,29,4,bottle,0.7,B2606-024,2027-05-03,,
2654,541,25,6,can,0.6,B2606-029,2027-03-21,,
2655,541,28,19,pack,0.8,B2606-011,2027-04-22,,
2656,542,29,1,bottle,4.5,B2607-021,2027-06-25,128,
2657,542,30,3,bottle,8.0,B2607-047,2027-05-04,211,
2658,542,25,1,can,3.5,B2607-021,2027-05-14,421,
2659,543,5,58,piece,0.3,B2606-007,,,
2660,543,9,153,piece,0.08,B2606-011,,,
2661,544,5,23,piece,0.3,B2607-010,,,
2662,544,32,18,tube,1.2,B2607-006,2027-01-14,,
2663,544,26,15,can,0.55,B2607-011,2026-11-28,,
2664,544,35,25,pack,0.5,B2607-017,2027-01-24,,
2665,544,4,8,piece,0.25,B2607-004,,,
2666,544,34,21,pack,0.9,B2607-044,2026-10-12,,
2667,544,27,2,bottle,0.3,B2607-042,2027-01-23,,
2668,544,38,16,bottle,0.35,B2607-003,2026-10-21,,
2669,545,26,40,can,0.55,B2605-005,2026-08-24,,
2670,545,2,17,piece,0.22,B2605-038,,,
2671,545,33,7,piece,0.8,B2605-014,2026-11-29,,
2672,545,19,42,bottle,1.9,B2605-032,2026-08-07,,
2673,545,32,27,tube,1.2,B2605-045,2026-09-14,,
2674,545,39,42,can,1.3,B2605-024,2027-04-21,,
2675,545,27,15,bottle,0.3,B2605-026,2026-11-20,,
2676,546,39,70,can,1.3,B2606-021,2027-01-17,,
2677,546,17,120,liter,4.8,B2606-008,2027-01-30,,
2678,546,22,135,liter,3.6,B2606-002,2027-04-22,,
2679,547,31,3,bottle,8.5,B2605-038,2027-01-18,229,
2680,547,28,3,pack,4.0,B2605-042,2026-12-11,402,
2681,548,22,29,liter,3.6,B2608-047,2027-04-23,,
2682,548,14,34,piece,0.5,B2608-026,,,
2683,548,32,43,tube,1.2,B2608-049,2027-01-30,,
2684,549,40,28,cup,0.6,B2609-001,2027-05-06,,
2685,549,4,30,piece,0.25,B2609-001,,,
2686,550,24,24,bottle,5.5,B2604-050,2026-08-10,,
2687,550,5,12,piece,0.3,B2604-020,,,
2688,550,18,14,bottle,2.1,B2604-017,2027-03-14,,
2689,550,27,18,bottle,0.3,B2604-008,2026-08-08,,
2690,550,2,35,piece,0.22,B2604-012,,,
2691,551,10,36,pair,0.45,B2607-026,,,
2692,551,14,193,piece,0.5,B2607-025,,,
2693,552,5,191,piece,0.3,B2607-018,,,
2694,552,18,68,bottle,2.1,B2607-016,2027-06-13,,
2695,552,19,20,bottle,1.9,B2607-042,2026-11-18,,
2696,552,31,164,bottle,2.8,B2607-028,2027-07-04,,
2697,552,13,79,roll,0.35,B2607-046,,,
2698,552,39,32,can,1.3,B2607-019,2027-05-01,,
2699,552,2,42,piece,0.22,B2607-039,,,
2700,553,23,23,can,2.2,B2607-010,2027-06-13,,
2701,553,27,48,bottle,0.3,B2607-035,2027-04-29,,
2702,553,12,28,box,0.6,B2607-028,,,
2703,553,26,10,can,0.55,B2607-039,2027-02-09,,
2704,553,24,13,bottle,5.5,B2607-022,2027-04-04,,
2705,553,30,46,bottle,2.5,B2607-030,2027-05-21,,
2706,553,40,39,cup,0.6,B2607-044,2026-12-26,,
2707,554,37,27,piece,1.1,B2609-045,2027-06-20,,
2708,554,9,3,piece,0.08,B2609-027,,,
2709,554,14,29,piece,0.5,B2609-008,,,
2710,555,22,14,liter,3.6,B2608-015,2027-05-22,,
2711,555,32,15,tube,1.2,B2608-045,2027-01-17,,
2712,555,8,9,piece,0.55,B2608-041,,,
2713,555,21,16,liter,1.5,B2608-010,2027-02-28,,
2714,555,24,2,bottle,5.5,B2608-033,2027-01-18,,
2715,555,26,17,can,0.55,B2608-010,2026-12-30,,
2716,555,34,11,pack,0.9,B2608-016,2027-06-19,,
2717,556,12,33,box,0.6,B2605-008,,,
2718,556,5,32,piece,0.3,B2605-023,,,
2719,556,17,47,liter,4.8,B2605-026,2026-08-22,,
2720,557,40,4,cup,4.0,B2607-021,2027-04-04,116,
2721,557,35,1,pack,3.0,B2607-031,2027-04-21,323,
2722,557,34,1,pack,4.0,B2607-038,2027-04-04,423,
2723,557,38,4,bottle,2.5,B2607-003,2027-06-13,113,
2724,557,25,1,can,3.5,B2607-035,2026-11-23,409,
2725,557,39,1,can,5.5,B2607-046,2026-11-24,224,
2726,558,29,33,bottle,0.7,B2609-005,2027-08-15,,
2727,558,14,16,piece,0.5,B2609-030,,,
2728,558,27,22,bottle,0.3,B2609-045,2027-06-17,,
2729,558,7,39,piece,0.4,B2609-042,,,
2730,558,1,8,piece,0.15,B2609-017,,,
2731,558,9,42,piece,0.08,B2609-008,,,
2732,558,2,49,piece,0.22,B2609-034,,,
2733,558,33,36,piece,0.8,B2609-012,2027-07-20,,
2734,559,5,29,piece,0.3,B2606-003,,,
2735,559,13,24,roll,0.35,B2606-012,,,
2736,559,31,19,bottle,2.8,B2606-022,2027-05-22,,
2737,559,32,19,tube,1.2,B2606-046,2027-04-27,,
2738,559,16,49,bottle,3.2,B2606-008,2026-11-02,,
2739,559,1,15,piece,0.15,B2606-009,,,
2740,559,25,13,can,0.6,B2606-048,2026-09-24,,
2741,559,12,33,box,0.6,B2606-032,,,
2742,560,27,7,bottle,0.3,B2609-018,2027-08-08,,
2743,560,31,40,bottle,2.8,B2609-045,2027-08-01,,
2744,561,8,42,piece,0.55,B2609-037,,,
2745,561,2,67,piece,0.22,B2609-043,,,
2746,561,11,70,pack,0.1,B2609-029,,,
2747,562,28,2,pack,4.0,B2608-048,2027-05-18,305,
2748,562,33,1,piece,3.5,B2608-033,2026-11-05,302,
2749,562,25,1,can,3.5,B2608-018,2027-07-28,522,
2750,562,40,1,cup,4.0,B2608-009,2027-04-11,329,
2751,562,37,2,piece,5.0,B2608-014,2027-02-03,426,
2752,563,27,4,bottle,2.5,B2605-037,2026-11-15,503,
2753,563,40,2,cup,4.0,B2605-041,2027-02-24,427,
2754,563,35,2,pack,3.0,B2605-004,2027-04-01,314,
2755,563,39,1,can,5.5,B2605-026,2026-09-06,325,
2756,563,33,2,piece,3.5,B2605-029,2026-12-16,313,
2757,563,37,2,piece,5.0,B2605-033,2027-03-19,420,
2758,563,26,2,can,3.5,B2605-034,2027-01-17,220,
2759,564,10,46,pair,0.45,B2609-022,,,
2760,564,3,24,piece,0.22,B2609-035,,,
2761,564,24,43,bottle,5.5,B2609-021,2027-05-06,,
2762,564,18,35,bottle,2.1,B2609-033,2027-08-06,,
2763,564,26,29,can,0.55,B2609-049,2027-02-08,,
2764,564,37,35,piece,1.1,B2609-022,2027-01-15,,
2765,564,30,49,bottle,2.5,B2609-032,2027-05-24,,
2766,565,33,27,piece,0.8,B2609-020,2027-03-16,,
2767,565,15,26,liter,2.5,B2609-034,2027-07-06,,
2768,565,21,22,liter,1.5,B2609-017,2027-07-13,,
2769,565,38,47,bottle,0.35,B2609-043,2027-03-14,,
2770,565,16,44,bottle,3.2,B2609-009,2027-05-08,,
2771,565,13,17,roll,0.35,B2609-044,,,
2772,566,34,2,pack,4.0,B2607-016,2027-05-14,412,
2773,566,35,4,pack,3.0,B2607-037,2027-06-18,330,
2774,566,28,3,pack,4.0,B2607-039,2026-12-01,209,
2775,566,38,3,bottle,2.5,B2607-036,2027-05-15,113,
2776,566,40,1,cup,4.0,B2607-017,2027-07-06,107,
2777,566,39,4,can,5.5,B2607-018,2027-07-14,519,
2778,566,30,4,bottle,8.0,B2607-004,2027-06-01,209,
2779,567,30,1,bottle,8.0,B2607-005,2027-03-20,128,
2780,567,26,1,can,3.5,B2607-018,2027-01-02,518,
2781,567,40,1,cup,4.0,B2607-003,2026-11-28,407,
2782,568,37,25,piece,1.1,B2606-036,2027-02-19,,
2783,568,18,76,bottle,2.1,B2606-011,2027-03-25,,
2784,568,36,72,piece,0.7,B2606-035,2026-09-18,,
2785,568,23,61,can,2.2,B2606-006,2027-01-26,,
2786,568,16,144,bottle,3.2,B2606-008,2026-10-28,,
2787,568,10,83,pair,0.45,B2606-027,,,
2788,569,20,11,kg,1.8,B2605-006,2027-03-10,,
2789,569,28,50,pack,0.8,B2605-029,2027-03-27,,
2790,569,38,14,bottle,0.35,B2605-048,2027-02-25,,
2791,569,25,44,can,0.6,B2605-049,2027-02-23,,
2792,569,29,6,bottle,0.7,B2605-035,2026-12-30,,
2793,569,14,18,piece,0.5,B2605-044,,,
2794,569,15,36,liter,2.5,B2605-028,2027-05-08,,
2795,570,10,15,pair,0.45,B2608-026,,,
2796,570,5,18,piece,0.3,B2608-014,,,
2797,570,39,25,can,1.3,B2608-023,2027-06-01,,
2798,570,25,22,can,0.6,B2608-016,2027-04-03,,
2799,571,2,14,piece,0.22,B2604-047,,,
2800,571,25,15,can,0.6,B2604-028,2026-08-20,,
2801,571,37,14,piece,1.1,B2604-017,2026-12-31,,
2802,571,23,8,can,2.2,B2604-018,2027-01-09,,
2803,571,24,30,bottle,5.5,B2604-017,2027-03-08,,
2804,571,39,6,can,1.3,B2604-011,2026-10-26,,
2805,571,40,28,cup,0.6,B2604-038,2027-03-27,,
2806,571,32,20,tube,1.2,B2604-034,2026-10-14,,
2807,572,36,15,piece,0.7,B2604-010,2026-12-09,,
2808,572,4,5,piece,0.25,B2604-028,,,
2809,572,17,9,liter,4.8,B2604-012,2026-11-06,,
2810,572,6,14,piece,0.05,B2604-020,,,
2811,572,34,6,pack,0.9,B2604-034,2026-08-15,,
2812,572,38,8,bottle,0.35,B2604-006,2026-08-07,,
2813,573,13,34,roll,0.35,B2608-036,,,
2814,573,39,28,can,1.3,B2608-047,2027-02-16,,
2815,573,5,14,piece,0.3,B2608-035,,,
2816,573,38,16,bottle,0.35,B2608-016,2026-11-21,,
2817,573,7,25,piece,0.4,B2608-011,,,
2818,573,18,22,bottle,2.1,B2608-033,2026-11-27,,
2819,573,12,37,box,0.6,B2608-033,,,
2820,573,8,8,piece,0.55,B2608-026,,,
2821,574,30,83,bottle,2.5,B2605-011,2026-08-29,,
2822,574,16,37,bottle,3.2,B2605-025,2026-10-16,,
2823,574,12,20,box,0.6,B2605-019,,,
2824,574,8,137,piece,0.55,B2605-034,,,
2825,575,26,6,can,0.55,B2608-003,2027-02-24,,
2826,575,17,4,liter,4.8,B2608-039,2027-05-18,,
2827,575,34,11,pack,0.9,B2608-008,2027-06-10,,
2828,575,27,14,bottle,0.3,B2608-025,2027-04-13,,
2829,575,11,13,pack,0.1,B2608-002,,,
2830,575,33,12,piece,0.8,B2608-032,2027-02-20,,
2831,575,32,2,tube,1.2,B2608-014,2027-06-21,,
2832,576,29,4,bottle,4.5,B2608-026,2027-07-24,316,
2833,576,25,4,can,3.5,B2608-014,2027-07-23,329,
2834,576,28,2,pack,4.0,B2608-016,2027-02-10,402,
2835,577,28,3,pack,0.8,B2607-023,2027-03-21,,
2836,577,5,7,piece,0.3,B2607-020,,,
2837,577,19,30,bottle,1.9,B2607-033,2026-12-26,,
2838,577,23,1,can,2.2,B2607-007,2026-12-16,,
2839,577,33,24,piece,0.8,B2607-046,2027-02-18,,
2840,577,31,2,bottle,2.8,B2607-002,2027-06-20,,
2841,577,3,7,piece,0.22,B2607-041,,,
2842,577,35,17,pack,0.5,B2607-024,2026-10-15,,
2843,578,38,7,bottle,0.35,B2606-043,2027-06-12,,
2844,578,8,9,piece,0.55,B2606-010,,,
2845,578,29,29,bottle,0.7,B2606-022,2027-05-09,,
2846,578,32,45,tube,1.2,B2606-018,2026-12-08,,
2847,578,28,14,pack,0.8,B2606-049,2027-01-04,,
2848,578,33,10,piece,0.8,B2606-040,2027-04-10,,
2849,579,13,18,roll,0.35,B2604-001,,,
2850,579,27,9,bottle,0.3,B2604-011,2026-07-30,,
2851,579,10,21,pair,0.45,B2604-047,,,
2852,579,28,35,pack,0.8,B2604-005,2026-10-31,,
2853,579,36,34,piece,0.7,B2604-011,2027-03-20,,
2854,579,17,12,liter,4.8,B2604-006,2027-03-03,,
2855,580,21,2,liter,1.5,B2607-028,2027-07-02,,
2856,580,34,10,pack,0.9,B2607-022,2027-07-15,,
2857,580,10,11,pair,0.45,B2607-032,,,
2858,580,39,14,can,1.3,B2607-004,2027-03-30,,
2859,580,18,10,bottle,2.1,B2607-007,2027-01-11,,
2860,580,16,19,bottle,3.2,B2607-015,2027-02-17,,
2861,580,15,9,liter,2.5,B2607-030,2027-01-14,,
2862,581,11,30,pack,0.1,B2607-043,,,
2863,581,40,3,cup,0.6,B2607-050,2027-03-19,,
2864,581,31,30,bottle,2.8,B2607-004,2027-05-21,,
2865,582,16,18,bottle,3.2,B2607-026,2027-05-22,,
2866,582,32,20,tube,1.2,B2607-019,2027-02-15,,
2867,582,26,44,can,0.55,B2607-011,2027-04-04,,
2868,582,38,15,bottle,0.35,B2607-039,2027-03-30,,
2869,583,32,35,tube,1.2,B2604-012,2026-08-06,,
2870,583,6,13,piece,0.05,B2604-019,,,
2871,583,10,28,pair,0.45,B2604-044,,,
2872,583,4,48,piece,0.25,B2604-045,,,
2873,583,1,27,piece,0.15,B2604-043,,,
2874,584,40,17,cup,0.6,B2606-011,2027-04-05,,
2875,584,1,36,piece,0.15,B2606-007,,,
2876,585,17,30,liter,4.8,B2609-022,2027-02-24,,
2877,585,11,49,pack,0.1,B2609-031,,,
2878,585,33,33,piece,0.8,B2609-023,2027-08-20,,
2879,585,7,24,piece,0.4,B2609-019,,,
2880,585,32,46,tube,1.2,B2609-046,2027-06-26,,
2881,585,15,31,liter,2.5,B2609-016,2027-05-10,,
2882,585,19,47,bottle,1.9,B2609-021,2027-03-20,,
2883,585,3,20,piece,0.22,B2609-030,,,
2884,586,9,196,piece,0.08,B2604-021,,,
2885,586,10,168,pair,0.45,B2604-016,,,
2886,586,5,143,piece,0.3,B2604-028,,,
2887,586,19,124,bottle,1.9,B2604-008,2026-12-21,,
2888,586,22,73,liter,3.6,B2604-031,2026-08-06,,
2889,587,17,13,liter,4.8,B2606-021,2027-04-30,,
2890,587,25,47,can,0.6,B2606-021,2026-12-29,,
2891,587,12,5,box,0.6,B2606-011,,,
2892,587,32,21,tube,1.2,B2606-027,2026-11-12,,
2893,587,30,36,bottle,2.5,B2606-022,2026-12-10,,
2894,587,26,7,can,0.55,B2606-009,2027-01-26,,
2895,587,21,37,liter,1.5,B2606-039,2027-06-06,,
2896,587,29,22,bottle,0.7,B2606-013,2026-12-27,,
2897,588,31,17,bottle,2.8,B2609-014,2027-03-14,,
2898,588,33,26,piece,0.8,B2609-044,2027-09-13,,
2899,589,3,42,piece,0.22,B2607-041,,,
2900,589,19,9,bottle,1.9,B2607-031,2027-05-20,,
2901,589,22,34,liter,3.6,B2607-039,2027-02-14,,
2902,589,2,25,piece,0.22,B2607-038,,,
2903,589,27,19,bottle,0.3,B2607-029,2027-03-03,,
2904,590,3,20,piece,0.22,B2609-026,,,
2905,590,15,5,liter,2.5,B2609-028,2027-01-11,,
2906,590,29,9,bottle,0.7,B2609-018,2027-09-18,,
2907,591,34,7,pack,0.9,B2608-035,2027-02-15,,
2908,591,37,2,piece,1.1,B2608-044,2027-06-12,,
2909,591,26,4,can,0.55,B2608-022,2027-03-10,,
2910,591,28,17,pack,0.8,B2608-002,2026-12-25,,
2911,591,31,6,bottle,2.8,B2608-048,2027-03-17,,
2912,591,33,7,piece,0.8,B2608-043,2027-04-03,,
2913,591,30,10,bottle,2.5,B2608-027,2027-01-26,,
2914,592,36,3,piece,0.7,B2607-050,2027-02-15,,
2915,592,5,6,piece,0.3,B2607-008,,,
2916,592,39,25,can,1.3,B2607-029,2027-03-21,,
2917,592,10,4,pair,0.45,B2607-033,,,
2918,592,8,25,piece,0.55,B2607-050,,,
2919,592,1,18,piece,0.15,B2607-030,,,
2920,592,16,17,bottle,3.2,B2607-008,2027-06-03,,
2921,593,31,2,bottle,8.5,B2607-011,2027-06-23,211,
2922,593,33,2,piece,3.5,B2607-049,2027-03-27,430,
2923,593,29,1,bottle,4.5,B2607-025,2027-05-08,328,
2924,593,36,1,piece,3.5,B2607-026,2027-01-15,525,
2925,593,25,2,can,3.5,B2607-041,2027-06-03,220,
2926,593,34,1,pack,4.0,B2607-043,2027-06-09,227,
2927,593,26,4,can,3.5,B2607-042,2027-04-05,411,
2928,593,35,2,pack,3.0,B2607-029,2027-01-03,102,
2929,594,1,171,piece,0.15,B2609-009,,,
2930,594,21,141,liter,1.5,B2609-032,2027-06-09,,
2931,594,30,50,bottle,2.5,B2609-040,2027-01-02,,
2932,594,6,183,piece,0.05,B2609-021,,,
2933,594,9,82,piece,0.08,B2609-020,,,
2934,594,7,157,piece,0.4,B2609-028,,,
2935,594,34,95,pack,0.9,B2609-003,2027-02-09,,
2936,594,8,34,piece,0.55,B2609-020,,,
2937,595,36,4,piece,3.5,B2607-020,2027-05-01,324,
2938,595,26,1,can,3.5,B2607-021,2027-01-07,110,
2939,596,35,2,pack,3.0,B2607-006,2027-01-26,526,
2940,596,39,1,can,5.5,B2607-049,2026-11-09,310,
2941,596,26,3,can,3.5,B2607-020,2026-11-20,522,
2942,596,27,4,bottle,2.5,B2607-027,2026-11-16,110,
2943,597,26,1,can,3.5,B2605-038,2026-12-08,306,
2944,597,32,1,tube,4.5,B2605-012,2026-09-26,306,
2945,597,37,1,piece,5.0,B2605-047,2026-10-07,407,
2946,597,30,2,bottle,8.0,B2605-027,2026-08-06,508,
2947,597,31,3,bottle,8.5,B2605-047,2026-11-08,526,
2948,598,19,22,bottle,1.9,B2607-016,2026-12-20,,
2949,598,23,50,can,2.2,B2607-027,2027-02-25,,
2950,598,9,46,piece,0.08,B2607-039,,,
2951,598,26,36,can,0.55,B2607-001,2026-12-15,,
2952,598,27,30,bottle,0.3,B2607-038,2027-01-23,,
2953,598,40,21,cup,0.6,B2607-045,2026-12-22,,
2954,599,5,46,piece,0.3,B2605-014,,,
2955,599,26,50,can,0.55,B2605-008,2026-08-09,,
2956,599,9,31,piece,0.08,B2605-007,,,
2957,599,14,26,piece,0.5,B2605-014,,,
2958,599,18,33,bottle,2.1,B2605-010,2026-10-16,,
2959,599,8,46,piece,0.55,B2605-008,,,
2960,599,1,28,piece,0.15,B2605-021,,,
2961,600,23,15,can,2.2,B2607-004,2027-02-27,,
2962,600,13,2,roll,0.35,B2607-028,,,
2963,600,16,16,bottle,3.2,B2607-011,2026-11-21,,
2964,600,32,3,tube,1.2,B2607-048,2027-06-12,,
2965,600,18,18,bottle,2.1,B2607-019,2027-02-02,,
2966,601,34,24,pack,0.9,B2606-042,2027-01-02,,
2967,601,5,33,piece,0.3,B2606-013,,,
2968,601,38,49,bottle,0.35,B2606-018,2027-05-12,,
2969,601,30,29,bottle,2.5,B2606-018,2026-12-01,,
2970,601,23,35,can,2.2,B2606-015,2027-04-22,,
2971,602,10,9,pair,0.45,B2609-043,,,
2972,602,8,17,piece,0.55,B2609-020,,,
2973,602,18,24,bottle,2.1,B2609-026,2026-12-22,,
2974,602,24,3,bottle,5.5,B2609-037,2027-02-04,,
2975,602,34,8,pack,0.9,B2609-019,2027-04-20,,
2976,602,17,26,liter,4.8,B2609-016,2027-09-09,,
2977,602,7,30,piece,0.4,B2609-012,,,
2978,603,25,1,can,3.5,B2604-049,2027-02-07,324,
2979,603,32,3,tube,4.5,B2604-013,2027-01-26,319,
2980,603,28,3,pack,4.0,B2604-031,2026-10-13,113,
2981,603,27,2,bottle,2.5,B2604-022,2027-01-03,302,
2982,604,37,19,piece,1.1,B2608-027,2026-11-25,,
2983,604,9,18,piece,0.08,B2608-030,,,
2984,605,14,7,piece,0.5,B2609-017,,,
2985,605,24,5,bottle,5.5,B2609-038,2027-07-18,,
2986,605,7,12,piece,0.4,B2609-018,,,
2987,606,27,3,bottle,2.5,B2604-048,2026-11-23,518,
2988,606,37,1,piece,5.0,B2604-018,2026-10-16,423,
2989,607,32,3,tube,4.5,B2605-045,2027-02-18,114,
2990,607,39,3,can,5.5,B2605-045,2026-11-16,418,
2991,608,3,137,piece,0.22,B2609-004,,,
2992,608,12,189,box,0.6,B2609-029,,,
2993,608,13,77,roll,0.35,B2609-040,,,
2994,608,14,54,piece,0.5,B2609-003,,,
2995,608,38,50,bottle,0.35,B2609-047,2027-03-31,,
2996,608,9,113,piece,0.08,B2609-041,,,
2997,608,19,96,bottle,1.9,B2609-044,2027-07-26,,
2998,609,12,38,box,0.6,B2607-010,,,
2999,609,27,126,bottle,0.3,B2607-007,2027-06-08,,
3000,609,7,78,piece,0.4,B2607-045,,,
3001,609,6,62,piece,0.05,B2607-018,,,
3002,609,11,153,pack,0.1,B2607-046,,,
3003,609,14,162,piece,0.5,B2607-044,,,
3004,610,29,23,bottle,0.7,B2605-025,2027-05-10,,
3005,610,18,34,bottle,2.1,B2605-006,2026-10-07,,
3006,610,21,49,liter,1.5,B2605-009,2026-09-05,,
3007,610,17,19,liter,4.8,B2605-048,2027-05-09,,
3008,610,14,12,piece,0.5,B2605-036,,,
3009,610,2,35,piece,0.22,B2605-026,,,
3010,610,13,46,roll,0.35,B2605-038,,,
3011,610,26,50,can,0.55,B2605-048,2026-10-17,,
3012,611,35,106,pack,0.5,B2605-034,2027-05-03,,
3013,611,5,43,piece,0.3,B2605-017,,,
3014,611,16,86,bottle,3.2,B2605-022,2026-10-09,,
3015,611,40,65,cup,0.6,B2605-003,2027-03-07,,
3016,611,36,145,piece,0.7,B2605-014,2026-10-11,,
3017,611,6,76,piece,0.05,B2605-045,,,
3018,612,35,1,pack,3.0,B2604-043,2026-07-30,125,
3019,612,32,1,tube,4.5,B2604-011,2026-08-28,111,
3020,612,27,1,bottle,2.5,B2604-007,2027-02-27,216,
3021,612,40,3,cup,4.0,B2604-041,2026-07-31,126,
3022,612,29,2,bottle,4.5,B2604-025,2026-09-14,311,
3023,612,30,3,bottle,8.0,B2604-011,2026-08-30,309,
3024,612,25,2,can,3.5,B2604-037,2027-03-19,522,
3025,612,34,3,pack,4.0,B2604-050,2026-08-26,417,
3026,613,2,189,piece,0.22,B2606-017,,,
3027,613,3,82,piece,0.22,B2606-025,,,
3028,613,39,108,can,1.3,B2606-041,2027-03-11,,
3029,613,4,42,piece,0.25,B2606-024,,,
3030,613,1,152,piece,0.15,B2606-018,,,
3031,614,33,47,piece,0.8,B2608-004,2027-05-27,,
3032,614,15,24,liter,2.5,B2608-011,2027-06-01,,
3033,614,21,7,liter,1.5,B2608-036,2026-12-11,,
3034,614,24,45,bottle,5.5,B2608-031,2026-12-18,,
3035,615,40,12,cup,0.6,B2609-026,2027-04-09,,
3036,615,34,38,pack,0.9,B2609-008,2027-08-28,,
3037,615,12,5,box,0.6,B2609-017,,,
3038,615,9,45,piece,0.08,B2609-047,,,
3039,615,5,21,piece,0.3,B2609-042,,,
3040,615,4,16,piece,0.25,B2609-036,,,
3041,615,18,35,bottle,2.1,B2609-032,2027-04-07,,
3042,615,35,38,pack,0.5,B2609-013,2027-06-12,,
3043,616,29,4,bottle,4.5,B2607-019,2027-01-05,522,
3044,616,36,3,piece,3.5,B2607-011,2026-10-20,410,
3045,617,17,27,liter,4.8,B2607-049,2027-04-11,,
3046,617,6,23,piece,0.05,B2607-003,,,
3047,617,30,16,bottle,2.5,B2607-026,2027-01-27,,
3048,617,3,48,piece,0.22,B2607-024,,,
3049,617,25,26,can,0.6,B2607-035,2027-01-05,,
3050,617,19,23,bottle,1.9,B2607-013,2026-10-13,,
3051,617,36,47,piece,0.7,B2607-006,2027-05-30,,
3052,617,11,29,pack,0.1,B2607-020,,,
3053,618,7,22,piece,0.4,B2608-022,,,
3054,618,24,13,bottle,5.5,B2608-030,2026-12-09,,
3055,618,16,48,bottle,3.2,B2608-045,2027-05-01,,
3056,618,36,7,piece,0.7,B2608-019,2026-12-07,,
3057,618,33,23,piece,0.8,B2608-016,2027-02-20,,
3058,618,34,18,pack,0.9,B2608-014,2027-05-08,,
3059,618,12,17,box,0.6,B2608-034,,,
3060,619,7,34,piece,0.4,B2607-034,,,
3061,619,39,34,can,1.3,B2607-047,2026-12-11,,
3062,620,26,7,can,0.55,B2608-027,2026-12-15,,
3063,620,21,9,liter,1.5,B2608-006,2027-08-13,,
3064,620,15,36,liter,2.5,B2608-049,2027-05-14,,
3065,621,2,12,piece,0.22,B2608-050,,,
3066,621,38,15,bottle,0.35,B2608-008,2027-01-09,,
3067,621,7,18,piece,0.4,B2608-001,,,
3068,622,27,44,bottle,0.3,B2607-044,2027-02-14,,
3069,622,1,30,piece,0.15,B2607-024,,,
3070,623,34,3,pack,4.0,B2604-026,2027-04-11,208,
3071,623,26,4,can,3.5,B2604-002,2026-09-23,327,
3072,624,39,3,can,5.5,B2605-006,2026-12-20,403,
3073,624,29,1,bottle,4.5,B2605-034,2027-05-13,305,
3074,624,30,4,bottle,8.0,B2605-024,2026-08-22,127,
3075,625,26,1,can,3.5,B2608-004,2027-07-27,107,
3076,625,33,2,piece,3.5,B2608-026,2026-12-18,313,
3077,625,36,1,piece,3.5,B2608-044,2027-06-24,405,
3078,625,40,1,cup,4.0,B2608-014,2026-12-24,324,
3079,625,37,2,piece,5.0,B2608-022,2027-05-04,209,
3080,625,27,1,bottle,2.5,B2608-036,2027-02-04,417,
3081,625,31,4,bottle,8.5,B2608-032,2027-07-09,504,
3082,626,36,17,piece,0.7,B2608-022,2027-04-12,,
3083,626,1,20,piece,0.15,B2608-031,,,
3084,626,34,47,pack,0.9,B2608-036,2027-08-08,,
3085,626,29,13,bottle,0.7,B2608-027,2026-12-04,,
3086,627,2,23,piece,0.22,B2604-037,,,
3087,627,39,16,can,1.3,B2604-002,2027-03-01,,
3088,627,4,21,piece,0.25,B2604-038,,,
3089,627,33,15,piece,0.8,B2604-026,2027-02-13,,
3090,627,24,44,bottle,5.5,B2604-037,2027-01-21,,
3091,627,5,47,piece,0.3,B2604-019,,,
3092,627,19,40,bottle,1.9,B2604-042,2027-03-03,,
3093,628,10,46,pair,0.45,B2608-019,,,
3094,628,22,25,liter,3.6,B2608-050,2027-07-28,,
3095,628,37,99,piece,1.1,B2608-037,2027-02-21,,
3096,629,37,2,piece,1.1,B2605-036,2027-04-15,,
3097,629,36,6,piece,0.7,B2605-026,2026-10-15,,
3098,629,4,16,piece,0.25,B2605-049,,,
3099,629,27,15,bottle,0.3,B2605-002,2027-03-30,,
3100,629,40,7,cup,0.6,B2605-048,2026-12-04,,
3101,630,36,14,piece,0.7,B2606-045,2027-05-01,,
3102,630,2,26,piece,0.22,B2606-002,,,
3103,630,19,40,bottle,1.9,B2606-010,2027-04-16,,
3104,630,1,42,piece,0.15,B2606-049,,,
3105,630,23,27,can,2.2,B2606-035,2026-12-05,,
3106,630,27,32,bottle,0.3,B2606-043,2027-02-04,,
3107,630,8,10,piece,0.55,B2606-036,,,
3108,631,28,25,pack,0.8,B2607-037,2027-04-02,,
3109,631,7,12,piece,0.4,B2607-017,,,
3110,631,10,17,pair,0.45,B2607-050,,,
3111,631,13,22,roll,0.35,B2607-026,,,
3112,631,34,39,pack,0.9,B2607-010,2027-02-12,,
3113,632,15,30,liter,2.5,B2609-025,2027-01-08,,
3114,632,1,8,piece,0.15,B2609-008,,,
3115,632,33,29,piece,0.8,B2609-033,2027-03-20,,
3116,632,28,9,pack,0.8,B2609-006,2027-03-15,,
3117,632,39,44,can,1.3,B2609-022,2026-12-20,,
3118,633,39,181,can,1.3,B2608-034,2027-02-20,,
3119,633,5,169,piece,0.3,B2608-029,,,
3120,633,21,184,liter,1.5,B2608-027,2027-01-24,,
3121,633,4,32,piece,0.25,B2608-047,,,
3122,633,30,114,bottle,2.5,B2608-015,2027-04-04,,
3123,633,27,89,bottle,0.3,B2608-002,2027-07-23,,
3124,633,12,132,box,0.6,B2608-029,,,
3125,634,27,29,bottle,0.3,B2604-004,2026-10-04,,
3126,634,9,41,piece,0.08,B2604-045,,,
3127,634,39,43,can,1.3,B2604-005,2026-11-25,,
3128,634,23,6,can,2.2,B2604-026,2027-04-08,,
3129,634,2,48,piece,0.22,B2604-035,,,
3130,634,6,21,piece,0.05,B2604-005,,,
3131,634,32,17,tube,1.2,B2604-013,2026-10-25,,
3132,634,31,34,bottle,2.8,B2604-015,2026-08-28,,
3133,635,6,3,piece,0.05,B2605-039,,,
3134,635,30,6,bottle,2.5,B2605-001,2027-02-22,,
3135,635,1,4,piece,0.15,B2605-015,,,
3136,635,14,25,piece,0.5,B2605-028,,,
3137,635,11,8,pack,0.1,B2605-033,,,
3138,635,7,22,piece,0.4,B2605-021,,,
3139,636,35,32,pack,0.5,B2607-010,2027-04-24,,
3140,636,19,95,bottle,1.9,B2607-033,2026-10-26,,
3141,636,20,44,kg,1.8,B2607-028,2027-02-22,,
3142,636,17,92,liter,4.8,B2607-004,2027-02-02,,
3143,636,4,135,piece,0.25,B2607-014,,,
3144,636,11,194,pack,0.1,B2607-017,,,
3145,636,21,46,liter,1.5,B2607-026,2027-06-01,,
3146,637,11,38,pack,0.1,B2608-027,,,
3147,637,6,15,piece,0.05,B2608-037,,,
3148,637,32,39,tube,1.2,B2608-022,2027-07-13,,
3149,637,35,48,pack,0.5,B2608-039,2027-06-16,,
3150,637,12,19,box,0.6,B2608-049,,,
3151,637,7,32,piece,0.4,B2608-015,,,
3152,637,13,39,roll,0.35,B2608-016,,,
3153,637,17,12,liter,4.8,B2608-033,2027-02-02,,
3154,638,2,34,piece,0.22,B2604-031,,,
3155,638,32,49,tube,1.2,B2604-004,2027-01-29,,
3156,638,38,36,bottle,0.35,B2604-016,2027-01-30,,
3157,638,35,38,pack,0.5,B2604-050,2026-09-20,,
3158,638,28,5,pack,0.8,B2604-024,2026-07-08,,
3159,638,26,29,can,0.55,B2604-035,2026-09-18,,
3160,638,8,10,piece,0.55,B2604-043,,,
3161,639,24,30,bottle,5.5,B2609-007,2027-04-22,,
3162,639,1,13,piece,0.15,B2609-037,,,
3163,639,22,5,liter,3.6,B2609-047,2027-01-14,,
3164,639,35,17,pack,0.5,B2609-042,2027-03-07,,
3165,639,29,3,bottle,0.7,B2609-037,2027-02-17,,
3166,640,39,13,can,1.3,B2608-003,2027-05-17,,
3167,640,35,7,pack,0.5,B2608-039,2027-03-26,,
3168,640,19,47,bottle,1.9,B2608-035,2027-07-08,,
3169,640,40,43,cup,0.6,B2608-046,2027-04-06,,
3170,640,2,37,piece,0.22,B2608-019,,,
3171,640,11,46,pack,0.1,B2608-009,,,
3172,641,33,16,piece,0.8,B2609-016,2027-07-05,,
3173,641,30,33,bottle,2.5,B2609-025,2027-08-13,,
3174,641,3,17,piece,0.22,B2609-035,,,
3175,641,29,47,bottle,0.7,B2609-012,2026-12-25,,
3176,641,6,44,piece,0.05,B2609-029,,,
3177,641,23,22,can,2.2,B2609-025,2027-01-20,,
3178,642,28,18,pack,0.8,B2608-037,2027-02-11,,
3179,642,33,17,piece,0.8,B2608-048,2026-11-22,,
3180,642,32,19,tube,1.2,B2608-021,2027-07-29,,
3181,642,10,2,pair,0.45,B2608-026,,,
3182,642,9,7,piece,0.08,B2608-044,,,
3183,642,21,9,liter,1.5,B2608-024,2026-11-29,,
3184,643,26,3,can,3.5,B2607-050,2027-03-31,506,
3185,643,25,3,can,3.5,B2607-012,2027-07-02,309,
3186,643,35,4,pack,3.0,B2607-026,2027-01-15,419,
3187,643,40,2,cup,4.0,B2607-040,2027-03-06,327,
3188,643,27,2,bottle,2.5,B2607-009,2027-07-06,221,
3189,644,30,3,bottle,8.0,B2605-049,2027-02-13,218,
3190,644,29,4,bottle,4.5,B2605-022,2027-03-12,230,
3191,644,26,2,can,3.5,B2605-026,2026-12-16,506,
3192,644,35,2,pack,3.0,B2605-039,2027-03-02,317,
3193,644,37,1,piece,5.0,B2605-033,2026-10-18,228,
3194,645,36,48,piece,0.7,B2607-019,2027-02-11,,
3195,645,21,19,liter,1.5,B2607-001,2027-01-08,,
3196,645,2,24,piece,0.22,B2607-041,,,
3197,645,40,44,cup,0.6,B2607-008,2027-06-20,,
3198,645,32,41,tube,1.2,B2607-005,2026-11-27,,
3199,646,3,13,piece,0.22,B2604-020,,,
3200,646,6,3,piece,0.05,B2604-021,,,
3201,646,24,10,bottle,5.5,B2604-030,2026-09-05,,
3202,646,14,11,piece,0.5,B2604-021,,,
3203,647,34,44,pack,0.9,B2607-018,2026-12-16,,
3204,647,7,49,piece,0.4,B2607-042,,,
3205,647,16,11,bottle,3.2,B2607-019,2026-11-14,,
3206,647,28,7,pack,0.8,B2607-050,2027-03-31,,
3207,647,29,16,bottle,0.7,B2607-030,2027-04-15,,
3208,647,21,44,liter,1.5,B2607-034,2026-12-02,,
3209,647,3,49,piece,0.22,B2607-038,,,
3210,647,2,38,piece,0.22,B2607-031,,,
3211,648,34,26,pack,0.9,B2604-036,2027-02-05,,
3212,648,36,31,piece,0.7,B2604-004,2026-12-14,,
3213,648,23,42,can,2.2,B2604-033,2027-01-29,,
3214,648,26,33,can,0.55,B2604-035,2027-02-12,,
3215,648,11,22,pack,0.1,B2604-020,,,
3216,648,9,15,piece,0.08,B2604-009,,,
3217,649,28,13,pack,0.8,B2609-020,2027-02-16,,
3218,649,24,10,bottle,5.5,B2609-045,2027-07-25,,
3219,649,21,26,liter,1.5,B2609-002,2027-02-25,,
3220,649,19,5,bottle,1.9,B2609-003,2027-01-08,,
3221,649,12,14,box,0.6,B2609-020,,,
3222,649,33,28,piece,0.8,B2609-041,2027-04-14,,
3223,650,21,38,liter,1.5,B2605-014,2027-04-03,,
3224,650,5,40,piece,0.3,B2605-048,,,
3225,650,14,16,piece,0.5,B2605-044,,,
3226,650,1,11,piece,0.15,B2605-019,,,
3227,650,40,24,cup,0.6,B2605-019,2027-05-22,,
3228,650,22,38,liter,3.6,B2605-040,2027-03-13,,
3229,650,31,29,bottle,2.8,B2605-038,2027-05-07,,
3230,650,3,14,piece,0.22,B2605-032,,,
3231,651,9,67,piece,0.08,B2607-019,,,
3232,651,24,46,bottle,5.5,B2607-005,2027-07-25,,
3233,651,33,47,piece,0.8,B2607-012,2026-12-22,,
3234,651,11,37,pack,0.1,B2607-013,,,
3235,652,25,51,can,0.6,B2605-027,2027-01-08,,
3236,652,1,82,piece,0.15,B2605-011,,,
3237,652,6,46,piece,0.05,B2605-046,,,
3238,652,34,90,pack,0.9,B2605-030,2027-02-19,,
3239,653,12,53,box,0.6,B2607-048,,,
3240,653,23,66,can,2.2,B2607-036,2027-03-14,,
3241,653,31,81,bottle,2.8,B2607-009,2027-05-11,,
3242,653,30,39,bottle,2.5,B2607-037,2026-11-14,,
3243,653,21,61,liter,1.5,B2607-010,2026-12-14,,
3244,654,29,78,bottle,0.7,B2609-044,2027-04-17,,
3245,654,8,45,piece,0.55,B2609-029,,,
3246,654,31,47,bottle,2.8,B2609-037,2027-04-02,,
3247,654,12,23,box,0.6,B2609-021,,,
3248,654,5,43,piece,0.3,B2609-012,,,
3249,655,5,61,piece,0.3,B2609-042,,,
3250,655,20,66,kg,1.8,B2609-045,2027-05-01,,
3251,655,16,93,bottle,3.2,B2609-035,2027-04-10,,
3252,655,36,60,piece,0.7,B2609-036,2027-06-02,,
3253,655,37,54,piece,1.1,B2609-027,2027-02-27,,
3254,655,10,82,pair,0.45,B2609-047,,,
3255,655,38,79,bottle,0.35,B2609-048,2027-09-05,,
3256,655,11,48,pack,0.1,B2609-011,,,
3257,656,32,40,tube,1.2,B2605-004,2027-02-11,,
3258,656,8,51,piece,0.55,B2605-043,,,
3259,656,12,96,box,0.6,B2605-030,,,
3260,656,29,87,bottle,0.7,B2605-032,2026-10-22,,
3261,656,37,47,piece,1.1,B2605-032,2027-02-09,,
3262,656,1,37,piece,0.15,B2605-038,,,
3263,656,38,91,bottle,0.35,B2605-034,2026-12-28,,
3264,656,34,36,pack,0.9,B2605-010,2026-09-09,,
3265,656,36,32,piece,0.7,B2605-009,2027-02-28,,
3266,656,3,70,piece,0.22,B2605-047,,,
3267,657,30,43,bottle,2.5,B2605-016,2027-05-26,,
3268,657,34,70,pack,0.9,B2605-004,2026-09-15,,
3269,657,33,45,piece,0.8,B2605-002,2027-01-15,,
3270,657,38,58,bottle,0.35,B2605-016,2027-03-12,,
3271,657,29,30,bottle,0.7,B2605-037,2027-02-06,,
3272,657,23,34,can,2.2,B2605-030,2026-09-29,,
3273,657,14,64,piece,0.5,B2605-011,,,
3274,657,24,46,bottle,5.5,B2605-047,2026-10-12,,
3275,657,35,22,pack,0.5,B2605-050,2026-11-10,,
3276,658,33,95,piece,0.8,B2609-032,2027-02-12,,
3277,658,13,97,roll,0.35,B2609-008,,,
3278,658,4,38,piece,0.25,B2609-026,,,
3279,658,39,26,can,1.3,B2609-041,2027-03-14,,
3280,658,1,39,piece,0.15,B2609-008,,,
3281,658,27,46,bottle,0.3,B2609-011,2027-02-25,,
3282,658,31,78,bottle,2.8,B2609-027,2027-08-22,,
3283,658,6,37,piece,0.05,B2609-004,,,
3284,658,14,34,piece,0.5,B2609-039,,,
3285,659,3,99,piece,0.22,B2604-048,,,
3286,659,29,47,bottle,0.7,B2604-003,2026-12-24,,
3287,659,9,93,piece,0.08,B2604-013,,,
3288,659,22,75,liter,3.6,B2604-025,2027-01-15,,
3289,659,34,46,pack,0.9,B2604-035,2026-08-02,,
3290,659,39,42,can,1.3,B2604-030,2026-12-28,,
3291,659,16,86,bottle,3.2,B2604-007,2026-10-11,,
3292,659,13,56,roll,0.35,B2604-012,,,
3293,660,37,96,piece,1.1,B2606-019,2027-04-06,,
3294,660,21,36,liter,1.5,B2606-002,2027-01-03,,
3295,660,9,66,piece,0.08,B2606-023,,,
3296,660,10,68,pair,0.45,B2606-005,,,
3297,661,7,61,piece,0.4,B2609-035,,,
3298,661,15,66,liter,2.5,B2609-025,2027-06-04,,
3299,661,30,36,bottle,2.5,B2609-014,2027-01-11,,
3300,661,8,53,piece,0.55,B2609-005,,,
3301,661,10,39,pair,0.45,B2609-002,,,
3302,661,18,38,bottle,2.1,B2609-031,2027-01-25,,
3303,661,13,74,roll,0.35,B2609-008,,,
3304,661,28,66,pack,0.8,B2609-040,2027-03-21,,
3305,661,23,81,can,2.2,B2609-015,2027-09-08,,
3306,661,35,55,pack,0.5,B2609-004,2027-03-24,,
3307,662,9,60,piece,0.08,B2609-017,,,
3308,662,19,40,bottle,1.9,B2609-044,2026-12-30,,
3309,662,34,48,pack,0.9,B2609-045,2027-05-22,,
3310,662,7,24,piece,0.4,B2609-016,,,
3311,662,22,27,liter,3.6,B2609-008,2027-01-04,,
3312,663,29,42,bottle,0.7,B2607-016,2027-03-06,,
3313,663,38,81,bottle,0.35,B2607-007,2027-01-07,,
3314,663,23,52,can,2.2,B2607-030,2027-06-08,,
3315,663,24,20,bottle,5.5,B2607-008,2026-11-20,,
3316,663,19,91,bottle,1.9,B2607-004,2026-12-28,,
3317,663,28,85,pack,0.8,B2607-008,2026-11-17,,
3318,664,11,32,pack,0.1,B2609-047,,,
3319,664,28,66,pack,0.8,B2609-029,2027-02-19,,
3320,664,34,38,pack,0.9,B2609-038,2027-01-11,,
3321,664,3,33,piece,0.22,B2609-022,,,
3322,664,35,27,pack,0.5,B2609-030,2027-02-08,,
3323,664,1,45,piece,0.15,B2609-033,,,
3324,664,38,25,bottle,0.35,B2609-027,2027-08-15,,
3325,665,32,45,tube,1.2,B2604-002,2026-08-04,,
3326,665,20,92,kg,1.8,B2604-028,2026-10-28,,
3327,665,13,64,roll,0.35,B2604-035,,,
3328,665,26,87,can,0.55,B2604-044,2027-01-24,,
3329,665,12,77,box,0.6,B2604-028,,,
3330,665,8,74,piece,0.55,B2604-039,,,
3331,666,13,39,roll,0.35,B2604-006,,,
3332,666,39,65,can,1.3,B2604-038,2026-08-29,,
3333,666,26,87,can,0.55,B2604-016,2026-10-06,,
3334,666,11,80,pack,0.1,B2604-002,,,
3335,666,29,24,bottle,0.7,B2604-004,2026-12-11,,
3336,666,17,71,liter,4.8,B2604-027,2027-03-02,,
3337,666,28,32,pack,0.8,B2604-020,2027-01-13,,
3338,666,38,100,bottle,0.35,B2604-038,2026-08-09,,
3339,666,34,28,pack,0.9,B2604-008,2026-08-22,,
3340,667,38,93,bottle,0.35,B2609-001,2027-06-06,,
3341,667,16,51,bottle,3.2,B2609-043,2027-01-29,,
3342,667,35,60,pack,0.5,B2609-012,2027-01-17,,
3343,667,36,52,piece,0.7,B2609-040,2027-09-09,,
3344,667,5,24,piece,0.3,B2609-038,,,
3345,667,18,58,bottle,2.1,B2609-042,2027-09-07,,
3346,668,8,39,piece,0.55,B2609-014,,,
3347,668,27,82,bottle,0.3,B2609-019,2027-01-22,,
3348,668,25,82,can,0.6,B2609-031,2027-05-13,,
3349,668,36,51,piece,0.7,B2609-015,2027-03-27,,
3350,668,19,61,bottle,1.9,B2609-028,2027-03-31,,
3351,668,7,46,piece,0.4,B2609-048,,,
3352,668,39,85,can,1.3,B2609-043,2027-05-25,,
3353,668,38,94,bottle,0.35,B2609-037,2027-02-24,,
3354,668,35,98,pack,0.5,B2609-029,2027-01-04,,
3355,669,30,23,bottle,2.5,B2605-041,2027-01-08,,
3356,669,35,32,pack,0.5,B2605-035,2026-10-10,,
3357,669,11,50,pack,0.1,B2605-024,,,
3358,669,7,98,piece,0.4,B2605-037,,,
3359,669,6,85,piece,0.05,B2605-039,,,
3360,669,27,84,bottle,0.3,B2605-050,2027-04-15,,
3361,669,4,38,piece,0.25,B2605-008,,,
3362,669,38,30,bottle,0.35,B2605-029,2026-09-09,,
3363,670,33,89,piece,0.8,B2604-012,2026-08-27,,
3364,670,15,23,liter,2.5,B2604-017,2026-08-19,,
3365,670,37,73,piece,1.1,B2604-031,2027-01-06,,
3366,670,29,80,bottle,0.7,B2604-043,2026-09-12,,
3367,670,40,43,cup,0.6,B2604-013,2027-02-06,,
3368,670,24,92,bottle,5.5,B2604-006,2026-12-27,,
3369,670,38,96,bottle,0.35,B2604-026,2026-09-11,,
3370,670,1,30,piece,0.15,B2604-011,,,
3371,671,38,35,bottle,0.35,B2605-017,2026-10-13,,
3372,671,31,94,bottle,2.8,B2605-028,2026-10-25,,
3373,671,4,65,piece,0.25,B2605-028,,,
3374,671,18,25,bottle,2.1,B2605-032,2027-01-03,,
3375,671,3,42,piece,0.22,B2605-032,,,
3376,671,23,56,can,2.2,B2605-044,2026-12-21,,
3377,671,15,62,liter,2.5,B2605-047,2027-03-10,,
3378,672,19,23,bottle,1.9,B2607-018,2027-06-17,,
3379,672,25,85,can,0.6,B2607-020,2027-01-14,,
3380,672,39,28,can,1.3,B2607-029,2026-11-03,,
3381,672,35,39,pack,0.5,B2607-036,2027-04-20,,
3382,672,16,33,bottle,3.2,B2607-025,2027-01-09,,
3383,672,17,40,liter,4.8,B2607-023,2027-03-02,,
3384,672,28,100,pack,0.8,B2607-027,2027-03-18,,
3385,673,15,87,liter,2.5,B2608-029,2026-12-31,,
3386,673,3,74,piece,0.22,B2608-002,,,
3387,673,28,99,pack,0.8,B2608-005,2027-01-11,,
3388,673,9,58,piece,0.08,B2608-005,,,
3389,673,17,47,liter,4.8,B2608-008,2027-04-03,,
3390,673,26,65,can,0.55,B2608-043,2027-02-18,,
3391,673,31,46,bottle,2.8,B2608-046,2027-06-23,,
3392,673,10,33,pair,0.45,B2608-015,,,
3393,674,33,58,piece,0.8,B2609-032,2027-03-11,,
3394,674,7,53,piece,0.4,B2609-008,,,
3395,674,26,98,can,0.55,B2609-007,2027-08-03,,
3396,674,22,60,liter,3.6,B2609-042,2027-01-12,,
3397,674,2,44,piece,0.22,B2609-045,,,
3398,674,11,57,pack,0.1,B2609-018,,,
3399,674,24,23,bottle,5.5,B2609-037,2027-07-28,,
3400,674,18,71,bottle,2.1,B2609-005,2027-08-24,,
3401,675,1,54,piece,0.15,B2608-027,,,
3402,675,26,86,can,0.55,B2608-007,2027-03-22,,
3403,675,30,61,bottle,2.5,B2608-040,2027-03-01,,
3404,675,36,70,piece,0.7,B2608-041,2027-06-07,,
3405,675,10,53,pair,0.45,B2608-035,,,
3406,675,7,74,piece,0.4,B2608-040,,,
3407,675,18,88,bottle,2.1,B2608-040,2027-04-03,,
3408,675,6,94,piece,0.05,B2608-026,,,
3409,675,29,99,bottle,0.7,B2608-036,2027-07-10,,
3410,676,4,81,piece,0.25,B2608-024,,,
3411,676,8,51,piece,0.55,B2608-045,,,
3412,676,39,68,can,1.3,B2608-045,2026-12-20,,
3413,676,9,64,piece,0.08,B2608-008,,,
3414,676,12,29,box,0.6,B2608-031,,,
3415,676,40,30,cup,0.6,B2608-028,2026-12-29,,
3416,677,7,67,piece,0.4,B2605-039,,,
3417,677,33,27,piece,0.8,B2605-025,2027-05-04,,
3418,677,38,20,bottle,0.35,B2605-004,2026-09-10,,
3419,677,17,96,liter,4.8,B2605-042,2027-01-30,,
3420,677,21,37,liter,1.5,B2605-020,2027-05-27,,
3421,678,36,21,piece,0.7,B2604-020,2027-01-06,,
3422,678,28,74,pack,0.8,B2604-024,2027-04-05,,
3423,678,39,76,can,1.3,B2604-022,2027-04-30,,
3424,678,32,23,tube,1.2,B2604-037,2027-03-16,,
3425,678,27,59,bottle,0.3,B2604-050,2027-01-08,,
3426,678,4,48,piece,0.25,B2604-013,,,
3427,678,21,84,liter,1.5,B2604-039,2026-08-12,,
3428,678,38,74,bottle,0.35,B2604-009,2026-11-30,,
3429,678,17,67,liter,4.8,B2604-017,2027-02-21,,
3430,678,6,68,piece,0.05,B2604-009,,,
3431,679,39,35,can,1.3,B2606-012,2026-12-14,,
3432,679,23,57,can,2.2,B2606-012,2027-05-17,,
3433,679,15,74,liter,2.5,B2606-031,2027-05-28,,
3434,679,4,59,piece,0.25,B2606-026,,,
3435,679,1,37,piece,0.15,B2606-049,,,
3436,679,28,60,pack,0.8,B2606-040,2026-11-01,,
3437,679,11,69,pack,0.1,B2606-002,,,
3438,679,12,33,box,0.6,B2606-006,,,
3439,680,25,81,can,0.6,B2609-046,2027-09-06,,
3440,680,4,91,piece,0.25,B2609-009,,,
3441,680,1,45,piece,0.15,B2609-006,,,
3442,680,35,42,pack,0.5,B2609-037,2027-06-28,,
3443,680,38,76,bottle,0.35,B2609-001,2027-05-15,,
3444,680,7,77,piece,0.4,B2609-009,,,
3445,680,31,72,bottle,2.8,B2609-017,2027-03-21,,
3446,680,26,74,can,0.55,B2609-005,2027-03-12,,
3447,681,22,79,liter,3.6,B2604-036,2027-01-23,,
3448,681,15,41,liter,2.5,B2604-024,2026-12-10,,
3449,681,28,85,pack,0.8,B2604-012,2027-01-02,,
3450,681,23,36,can,2.2,B2604-008,2026-11-24,,
3451,681,25,84,can,0.6,B2604-021,2026-12-04,,
3452,681,35,66,pack,0.5,B2604-049,2026-12-12,,
3453,681,4,26,piece,0.25,B2604-003,,,
3454,682,13,77,roll,0.35,B2606-019,,,
3455,682,5,88,piece,0.3,B2606-040,,,
3456,682,8,82,piece,0.55,B2606-044,,,
3457,682,9,99,piece,0.08,B2606-047,,,
3458,682,10,30,pair,0.45,B2606-029,,,
3459,683,13,41,roll,0.35,B2605-005,,,
3460,683,36,80,piece,0.7,B2605-023,2026-09-02,,
3461,683,35,89,pack,0.5,B2605-004,2026-09-30,,
3462,683,25,97,can,0.6,B2605-025,2026-12-31,,
3463,684,33,24,piece,0.8,B2606-045,2026-11-19,,
3464,684,10,85,pair,0.45,B2606-005,,,
3465,684,18,70,bottle,2.1,B2606-029,2027-05-27,,
3466,684,15,84,liter,2.5,B2606-019,2027-06-17,,
3467,684,22,28,liter,3.6,B2606-028,2027-03-22,,
3468,684,37,42,piece,1.1,B2606-018,2027-02-04,,
3469,684,20,52,kg,1.8,B2606-043,2027-03-30,,
3470,684,1,53,piece,0.15,B2606-017,,,
3471,685,14,38,piece,0.5,B2608-035,,,
3472,685,29,78,bottle,0.7,B2608-033,2027-08-16,,
3473,685,36,52,piece,0.7,B2608-035,2027-06-12,,
3474,685,7,99,piece,0.4,B2608-037,,,
3475,685,1,94,piece,0.15,B2608-028,,,
3476,685,21,95,liter,1.5,B2608-034,2027-08-17,,
3477,685,16,39,bottle,3.2,B2608-049,2026-12-28,,
3478,685,8,59,piece,0.55,B2608-021,,,
3479,686,25,52,can,0.6,B2607-012,2027-03-12,,
3480,686,15,36,liter,2.5,B2607-014,2027-02-18,,
3481,686,3,95,piece,0.22,B2607-029,,,
3482,686,6,40,piece,0.05,B2607-034,,,
3483,686,35,50,pack,0.5,B2607-016,2026-12-17,,
3484,686,40,39,cup,0.6,B2607-008,2027-07-08,,
3485,687,14,49,piece,0.5,B2605-012,,,
3486,687,11,20,pack,0.1,B2605-002,,,
3487,687,10,28,pair,0.45,B2605-045,,,
3488,687,8,86,piece,0.55,B2605-025,,,
3489,687,3,79,piece,0.22,B2605-028,,,
3490,687,37,68,piece,1.1,B2605-008,2026-09-19,,
3491,687,1,23,piece,0.15,B2605-033,,,
3492,687,12,100,box,0.6,B2605-039,,,
3493,688,6,51,piece,0.05,B2604-042,,,
3494,688,19,30,bottle,1.9,B2604-038,2027-04-14,,
3495,688,4,26,piece,0.25,B2604-031,,,
3496,688,16,55,bottle,3.2,B2604-027,2026-10-05,,
3497,688,36,44,piece,0.7,B2604-021,2027-01-01,,
3498,688,39,72,can,1.3,B2604-038,2027-01-04,,
3499,688,21,32,liter,1.5,B2604-003,2026-07-28,,
3500,689,22,22,liter,3.6,B2607-045,2026-11-21,,
3501,689,38,75,bottle,0.35,B2607-028,2027-05-16,,
3502,689,25,74,can,0.6,B2607-018,2026-12-15,,
3503,689,29,29,bottle,0.7,B2607-001,2027-05-18,,
3504,689,5,67,piece,0.3,B2607-020,,,
3505,689,40,31,cup,0.6,B2607-046,2026-12-14,,
3506,690,3,73,piece,0.22,B2604-036,,,
3507,690,34,45,pack,0.9,B2604-019,2026-10-07,,
3508,690,1,68,piece,0.15,B2604-035,,,
3509,690,24,92,bottle,5.5,B2604-037,2027-02-19,,
3510,690,36,40,piece,0.7,B2604-025,2027-03-19,,
3511,690,13,21,roll,0.35,B2604-034,,,
3512,690,28,49,pack,0.8,B2604-035,2027-03-05,,
3513,691,28,96,pack,0.8,B2608-016,2027-02-01,,
3514,691,12,22,box,0.6,B2608-006,,,
3515,691,24,36,bottle,5.5,B2608-028,2027-05-31,,
3516,691,30,78,bottle,2.5,B2608-041,2027-08-23,,
3517,691,5,93,piece,0.3,B2608-036,,,
3518,691,37,43,piece,1.1,B2608-025,2026-12-06,,
3519,691,25,58,can,0.6,B2608-006,2026-12-01,,
3520,691,2,93,piece,0.22,B2608-024,,,
3521,692,30,97,bottle,2.5,B2607-012,2026-12-05,,
3522,692,19,32,bottle,1.9,B2607-035,2027-01-10,,
3523,692,6,55,piece,0.05,B2607-006,,,
3524,692,9,97,piece,0.08,B2607-046,,,
3525,692,32,95,tube,1.2,B2607-026,2027-01-06,,
3526,692,39,75,can,1.3,B2607-018,2027-01-26,,
3527,692,25,40,can,0.6,B2607-010,2027-06-29,,
3528,693,7,82,piece,0.4,B2607-003,,,
3529,693,36,60,piece,0.7,B2607-028,2027-07-11,,
3530,693,23,36,can,2.2,B2607-001,2027-01-06,,
3531,693,19,36,bottle,1.9,B2607-024,2027-07-07,,
3532,693,24,20,bottle,5.5,B2607-046,2026-11-04,,
3533,694,14,84,piece,0.5,B2609-011,,,
3534,694,9,91,piece,0.08,B2609-040,,,
3535,694,18,61,bottle,2.1,B2609-047,2027-05-19,,
3536,694,31,20,bottle,2.8,B2609-004,2027-02-10,,
3537,694,12,82,box,0.6,B2609-034,,,
3538,695,25,81,can,0.6,B2609-005,2027-01-28,,
3539,695,35,64,pack,0.5,B2609-036,2027-01-28,,
3540,695,24,31,bottle,5.5,B2609-008,2027-07-07,,
3541,695,1,20,piece,0.15,B2609-040,,,
3542,696,24,92,bottle,5.5,B2604-009,2026-11-06,,
3543,696,15,25,liter,2.5,B2604-003,2027-03-20,,
3544,696,29,29,bottle,0.7,B2604-028,2027-01-03,,
3545,696,4,21,piece,0.25,B2604-001,,,
3546,697,19,72,bottle,1.9,B2609-038,2027-04-15,,
3547,697,15,72,liter,2.5,B2609-023,2027-03-04,,
3548,697,10,96,pair,0.45,B2609-017,,,
3549,697,37,55,piece,1.1,B2609-031,2027-02-24,,
3550,697,34,72,pack,0.9,B2609-047,2027-02-10,,
3551,697,30,99,bottle,2.5,B2609-047,2027-09-16,,
3552,698,3,43,piece,0.22,B2605-005,,,
3553,698,10,79,pair,0.45,B2605-019,,,
3554,698,23,47,can,2.2,B2605-047,2027-02-28,,
3555,698,36,76,piece,0.7,B2605-017,2027-05-23,,
3556,698,26,50,can,0.55,B2605-022,2026-11-13,,
3557,698,15,73,liter,2.5,B2605-034,2026-09-27,,
3558,699,36,42,piece,0.7,B2608-021,2027-03-25,,
3559,699,15,68,liter,2.5,B2608-041,2027-04-30,,
3560,699,17,71,liter,4.8,B2608-009,2026-12-23,,
3561,699,20,62,kg,1.8,B2608-022,2026-12-26,,
3562,699,35,77,pack,0.5,B2608-029,2027-04-19,,
3563,699,33,26,piece,0.8,B2608-026,2027-06-01,,
3564,699,13,77,roll,0.35,B2608-040,,,
3565,699,37,62,piece,1.1,B2608-023,2027-01-08,,
3566,700,22,49,liter,3.6,B2605-007,2026-10-08,,
3567,700,21,32,liter,1.5,B2605-030,2027-05-13,,
3568,700,7,69,piece,0.4,B2605-007,,,
3569,700,3,96,piece,0.22,B2605-044,,,
3570,700,32,22,tube,1.2,B2605-010,2027-02-11,,
3571,700,20,57,kg,1.8,B2605-046,2027-04-11,,
3572,700,2,69,piece,0.22,B2605-004,,,
3573,700,38,42,bottle,0.35,B2605-011,2026-09-08,,
3574,701,6,60,piece,0.05,B2605-037,,,
3575,701,9,65,piece,0.08,B2605-004,,,
3576,701,12,21,box,0.6,B2605-011,,,
3577,701,29,73,bottle,0.7,B2605-049,2026-09-22,,
3578,702,38,32,bottle,0.35,B2604-049,2027-03-12,,
3579,702,17,44,liter,4.8,B2604-009,2027-03-23,,
3580,702,29,96,bottle,0.7,B2604-036,2026-08-23,,
3581,702,22,65,liter,3.6,B2604-046,2027-02-01,,
3582,702,3,23,piece,0.22,B2604-015,,,
3583,702,40,28,cup,0.6,B2604-004,2026-08-02,,
3584,702,19,70,bottle,1.9,B2604-019,2026-11-16,,
3585,702,36,58,piece,0.7,B2604-050,2026-08-04,,
3586,702,32,46,tube,1.2,B2604-045,2026-09-27,,
3587,703,40,63,cup,0.6,B2606-040,2026-12-25,,
3588,703,19,89,bottle,1.9,B2606-023,2027-03-23,,
3589,703,5,51,piece,0.3,B2606-024,,,
3590,703,38,92,bottle,0.35,B2606-022,2026-12-11,,
3591,703,35,25,pack,0.5,B2606-024,2027-04-13,,
3592,703,20,29,kg,1.8,B2606-003,2026-10-27,,
3593,703,7,72,piece,0.4,B2606-032,,,
3594,703,15,92,liter,2.5,B2606-037,2026-10-03,,
3595,704,17,47,liter,4.8,B2608-043,2027-03-08,,
3596,704,3,92,piece,0.22,B2608-019,,,
3597,704,16,59,bottle,3.2,B2608-038,2027-06-08,,
3598,704,31,48,bottle,2.8,B2608-002,2026-11-30,,
3599,704,33,70,piece,0.8,B2608-032,2027-07-21,,
3600,704,18,68,bottle,2.1,B2608-049,2027-02-17,,
3601,704,9,62,piece,0.08,B2608-021,,,
3602,705,17,78,liter,4.8,B2605-035,2027-01-05,,
3603,705,9,43,piece,0.08,B2605-038,,,
3604,705,26,27,can,0.55,B2605-041,2026-12-01,,
3605,705,12,93,box,0.6,B2605-045,,,
3606,705,19,39,bottle,1.9,B2605-015,2026-12-19,,
3607,705,7,59,piece,0.4,B2605-022,,,
3608,706,23,91,can,2.2,B2604-027,2027-04-14,,
3609,706,16,52,bottle,3.2,B2604-016,2026-08-03,,
3610,706,1,39,piece,0.15,B2604-008,,,
3611,706,35,31,pack,0.5,B2604-025,2027-02-13,,
3612,707,37,41,piece,1.1,B2605-026,2026-09-18,,
3613,707,36,49,piece,0.7,B2605-016,2027-03-28,,
3614,707,35,42,pack,0.5,B2605-001,2026-11-06,,
3615,707,29,78,bottle,0.7,B2605-024,2027-02-23,,
3616,707,21,86,liter,1.5,B2605-012,2026-10-04,,
3617,707,12,52,box,0.6,B2605-030,,,
3618,707,6,79,piece,0.05,B2605-002,,,
3619,707,11,96,pack,0.1,B2605-009,,,
3620,707,28,20,pack,0.8,B2605-029,2026-10-23,,
3621,707,10,31,pair,0.45,B2605-023,,,
3622,708,39,87,can,1.3,B2609-008,2027-09-20,,
3623,708,11,93,pack,0.1,B2609-032,,,
3624,708,5,20,piece,0.3,B2609-044,,,
3625,708,23,66,can,2.2,B2609-037,2027-02-13,,
3626,709,37,91,piece,1.1,B2604-034,2026-08-18,,
3627,709,30,26,bottle,2.5,B2604-049,2027-01-16,,
3628,709,31,50,bottle,2.8,B2604-031,2027-04-26,,
3629,709,11,97,pack,0.1,B2604-014,,,
3630,709,7,28,piece,0.4,B2604-036,,,
3631,709,25,68,can,0.6,B2604-039,2026-10-14,,
3632,710,7,90,piece,0.4,B2608-014,,,
3633,710,33,98,piece,0.8,B2608-019,2027-08-29,,
3634,710,9,36,piece,0.08,B2608-041,,,
3635,710,11,49,pack,0.1,B2608-009,,,
3636,710,31,39,bottle,2.8,B2608-004,2027-04-06,,
3637,710,37,31,piece,1.1,B2608-018,2027-04-19,,
3638,710,1,82,piece,0.15,B2608-018,,,
3639,710,4,47,piece,0.25,B2608-047,,,
3640,710,12,36,box,0.6,B2608-048,,,
3641,711,1,36,piece,0.15,B2607-046,,,
3642,711,9,76,piece,0.08,B2607-032,,,
3643,711,3,65,piece,0.22,B2607-009,,,
3644,711,14,33,piece,0.5,B2607-016,,,
3645,711,4,67,piece,0.25,B2607-046,,,
3646,711,18,44,bottle,2.1,B2607-003,2027-01-02,,
3647,711,10,84,pair,0.45,B2607-006,,,
3648,711,15,73,liter,2.5,B2607-022,2026-11-21,,
3649,711,39,72,can,1.3,B2607-017,2027-05-18,,
3650,712,30,29,bottle,2.5,B2609-044,2027-01-07,,
3651,712,23,40,can,2.2,B2609-039,2027-02-10,,
3652,712,26,73,can,0.55,B2609-044,2027-02-02,,
3653,712,7,80,piece,0.4,B2609-020,,,
3654,712,35,68,pack,0.5,B2609-039,2027-01-16,,
3655,712,15,40,liter,2.5,B2609-038,2027-09-24,,
3656,712,9,47,piece,0.08,B2609-008,,,
3657,713,37,82,piece,1.1,B2605-001,2027-05-11,,
3658,713,6,27,piece,0.05,B2605-024,,,
3659,713,13,71,roll,0.35,B2605-036,,,
3660,713,8,67,piece,0.55,B2605-027,,,
3661,713,27,70,bottle,0.3,B2605-030,2026-09-17,,
3662,714,20,58,kg,1.8,B2609-042,2027-01-14,,
3663,714,38,76,bottle,0.35,B2609-028,2027-07-15,,
3664,714,19,45,bottle,1.9,B2609-044,2027-06-01,,
3665,714,17,97,liter,4.8,B2609-050,2027-04-02,,
3666,715,9,31,piece,0.08,B2606-019,,,
3667,715,11,38,pack,0.1,B2606-017,,,
3668,715,25,47,can,0.6,B2606-027,2026-12-05,,
3669,715,28,63,pack,0.8,B2606-042,2027-03-09,,
3670,715,8,54,piece,0.55,B2606-044,,,
3671,716,10,45,pair,0.45,B2609-036,,,
3672,716,16,63,bottle,3.2,B2609-016,2027-03-05,,
3673,716,20,56,kg,1.8,B2609-030,2027-04-01,,
3674,716,6,66,piece,0.05,B2609-043,,,
3675,716,25,27,can,0.6,B2609-024,2027-09-25,,
3676,716,17,50,liter,4.8,B2609-015,2027-05-01,,
3677,716,15,53,liter,2.5,B2609-013,2027-01-13,,
3678,717,18,95,bottle,2.1,B2604-046,2026-12-13,,
3679,717,24,62,bottle,5.5,B2604-013,2027-01-29,,
3680,717,30,50,bottle,2.5,B2604-028,2027-02-03,,
3681,717,25,92,can,0.6,B2604-031,2026-12-14,,
3682,717,40,70,cup,0.6,B2604-025,2027-04-12,,
3683,717,32,68,tube,1.2,B2604-005,2027-03-06,,
3684,717,22,46,liter,3.6,B2604-018,2026-10-01,,
3685,717,38,30,bottle,0.35,B2604-012,2027-01-20,,
3686,717,26,56,can,0.55,B2604-024,2026-08-09,,
3687,718,39,77,can,1.3,B2608-012,2027-01-24,,
3688,718,10,50,pair,0.45,B2608-001,,,
3689,718,21,78,liter,1.5,B2608-018,2027-02-05,,
3690,718,24,50,bottle,5.5,B2608-024,2027-01-27,,
3691,718,25,54,can,0.6,B2608-012,2027-06-13,,
3692,718,26,35,can,0.55,B2608-019,2026-12-24,,
3693,718,20,53,kg,1.8,B2608-042,2027-03-08,,
3694,719,4,23,piece,0.25,B2607-035,,,
3695,719,29,35,bottle,0.7,B2607-032,2027-07-24,,
3696,719,37,65,piece,1.1,B2607-011,2027-01-06,,
3697,719,27,35,bottle,0.3,B2607-006,2027-05-02,,
3698,719,15,90,liter,2.5,B2607-029,2026-12-12,,
3699,719,30,91,bottle,2.5,B2607-018,2027-04-06,,
3700,719,36,40,piece,0.7,B2607-014,2027-04-29,,
3701,719,7,55,piece,0.4,B2607-048,,,
3702,719,2,42,piece,0.22,B2607-028,,,
3703,720,2,93,piece,0.22,B2606-028,,,
3704,720,34,71,pack,0.9,B2606-044,2027-03-10,,
3705,720,27,72,bottle,0.3,B2606-013,2027-01-03,,
3706,720,22,79,liter,3.6,B2606-001,2026-11-22,,
3707,720,10,55,pair,0.45,B2606-004,,,
3708,720,15,25,liter,2.5,B2606-049,2027-03-27,,
3709,720,29,39,bottle,0.7,B2606-029,2027-06-27,,
3710,720,30,28,bottle,2.5,B2606-002,2027-04-02,,
3711,720,39,61,can,1.3,B2606-042,2027-06-18,,
3712,720,5,25,piece,0.3,B2606-003,,,
3713,721,13,47,roll,0.35,B2607-049,,,
3714,721,8,70,piece,0.55,B2607-034,,,
3715,721,28,100,pack,0.8,B2607-045,2026-12-10,,
3716,721,2,83,piece,0.22,B2607-011,,,
3717,721,20,24,kg,1.8,B2607-013,2026-12-28,,
3718,721,15,45,liter,2.5,B2607-025,2027-04-22,,
3719,721,39,64,can,1.3,B2607-046,2027-01-13,,
3720,722,9,41,piece,0.08,B2609-010,,,
3721,722,24,76,bottle,5.5,B2609-015,2027-04-03,,
3722,722,23,86,can,2.2,B2609-039,2027-03-26,,
3723,722,14,20,piece,0.5,B2609-019,,,
3724,722,16,66,bottle,3.2,B2609-031,2027-04-19,,
3725,722,10,65,pair,0.45,B2609-015,,,
3726,723,6,69,piece,0.05,B2607-039,,,
3727,723,4,83,piece,0.25,B2607-008,,,
3728,723,36,84,piece,0.7,B2607-011,2027-02-08,,
3729,723,30,68,bottle,2.5,B2607-003,2026-12-18,,
3730,723,3,21,piece,0.22,B2607-032,,,
3731,723,33,35,piece,0.8,B2607-010,2027-05-19,,
3732,723,12,32,box,0.6,B2607-023,,,
3733,724,35,76,pack,0.5,B2609-049,2027-05-10,,
3734,724,17,36,liter,4.8,B2609-010,2027-04-13,,
3735,724,26,47,can,0.55,B2609-045,2027-03-15,,
3736,724,31,38,bottle,2.8,B2609-011,2027-09-13,,
3737,724,13,22,roll,0.35,B2609-041,,,
3738,724,21,33,liter,1.5,B2609-049,2027-05-25,,
3739,725,25,47,can,0.6,B2606-024,2026-10-22,,
3740,725,12,69,box,0.6,B2606-016,,,
3741,725,40,81,cup,0.6,B2606-016,2026-10-31,,
3742,725,22,34,liter,3.6,B2606-035,2026-10-25,,
3743,726,36,21,piece,0.7,B2609-043,2027-02-01,,
3744,726,20,48,kg,1.8,B2609-050,2027-07-12,,
3745,726,8,42,piece,0.55,B2609-026,,,
3746,726,21,27,liter,1.5,B2609-033,2027-05-22,,
3747,726,10,71,pair,0.45,B2609-015,,,
3748,727,24,29,bottle,5.5,B2607-012,2026-11-29,,
3749,727,21,67,liter,1.5,B2607-006,2027-06-02,,
3750,727,17,54,liter,4.8,B2607-005,2026-12-04,,
3751,727,37,92,piece,1.1,B2607-050,2027-04-19,,
3752,728,38,65,bottle,0.35,B2606-012,2026-10-26,,
3753,728,21,81,liter,1.5,B2606-001,2026-12-05,,
3754,728,29,22,bottle,0.7,B2606-017,2026-12-21,,
3755,728,36,75,piece,0.7,B2606-011,2026-10-03,,
3756,728,32,29,tube,1.2,B2606-040,2027-06-07,,
3757,729,28,92,pack,0.8,B2609-042,2027-08-16,,
3758,729,40,71,cup,0.6,B2609-003,2027-09-20,,
3759,729,26,80,can,0.55,B2609-014,2027-02-02,,
3760,729,30,41,bottle,2.5,B2609-028,2027-09-04,,
3761,729,35,81,pack,0.5,B2609-015,2027-02-05,,
3762,730,35,45,pack,0.5,B2607-008,2026-12-14,,
3763,730,31,100,bottle,2.8,B2607-050,2027-05-12,,
3764,730,40,62,cup,0.6,B2607-020,2027-02-02,,
3765,730,27,23,bottle,0.3,B2607-033,2027-04-18,,
3766,730,23,43,can,2.2,B2607-015,2026-12-31,,
3767,730,16,38,bottle,3.2,B2607-003,2027-01-18,,
3768,730,14,35,piece,0.5,B2607-038,,,
3769,730,20,28,kg,1.8,B2607-023,2026-11-10,,
3770,731,31,91,bottle,2.8,B2607-030,2027-05-18,,
3771,731,1,59,piece,0.15,B2607-020,,,
3772,731,4,89,piece,0.25,B2607-043,,,
3773,731,39,75,can,1.3,B2607-032,2027-05-21,,
3774,731,9,58,piece,0.08,B2607-037,,,
3775,731,27,77,bottle,0.3,B2607-038,2027-06-15,,
3776,732,17,72,liter,4.8,B2607-016,2027-04-25,,
3777,732,22,60,liter,3.6,B2607-045,2027-02-16,,
3778,732,3,80,piece,0.22,B2607-013,,,
3779,732,2,24,piece,0.22,B2607-038,,,
3780,733,37,67,piece,1.1,B2608-038,2027-07-25,,
3781,733,23,21,can,2.2,B2608-012,2027-06-05,,
3782,733,9,64,piece,0.08,B2608-008,,,
3783,733,40,40,cup,0.6,B2608-034,2027-02-19,,
3784,733,25,79,can,0.6,B2608-027,2027-03-14,,
3785,733,15,74,liter,2.5,B2608-020,2027-03-29,,
3786,733,21,30,liter,1.5,B2608-021,2027-04-26,,
3787,733,14,87,piece,0.5,B2608-040,,,
3788,733,4,91,piece,0.25,B2608-037,,,
3789,734,17,59,liter,4.8,B2606-040,2026-11-29,,
3790,734,19,70,bottle,1.9,B2606-037,2027-01-31,,
3791,734,15,97,liter,2.5,B2606-016,2027-02-07,,
3792,734,20,55,kg,1.8,B2606-038,2027-05-16,,
3793,734,40,56,cup,0.6,B2606-015,2027-02-13,,
3794,734,5,72,piece,0.3,B2606-017,,,
3795,735,39,86,can,1.3,B2605-038,2027-01-12,,
3796,735,31,32,bottle,2.8,B2605-016,2026-11-15,,
3797,735,14,33,piece,0.5,B2605-001,,,
3798,735,37,93,piece,1.1,B2605-029,2026-11-01,,
3799,735,35,27,pack,0.5,B2605-045,2026-11-23,,
3800,736,27,25,bottle,0.3,B2604-020,2026-12-16,,
3801,736,24,92,bottle,5.5,B2604-028,2026-12-29,,
3802,736,22,68,liter,3.6,B2604-005,2026-10-10,,
3803,736,31,98,bottle,2.8,B2604-015,2026-08-23,,
3804,736,9,23,piece,0.08,B2604-010,,,
3805,736,36,65,piece,0.7,B2604-007,2026-10-04,,
3806,736,3,34,piece,0.22,B2604-014,,,
3807,736,16,79,bottle,3.2,B2604-022,2027-02-13,,
3808,736,1,65,piece,0.15,B2604-034,,,
3809,737,40,61,cup,0.6,B2606-026,2027-04-14,,
3810,737,14,48,piece,0.5,B2606-006,,,
3811,737,5,29,piece,0.3,B2606-015,,,
3812,737,17,89,liter,4.8,B2606-036,2027-04-05,,
3813,737,24,26,bottle,5.5,B2606-014,2027-02-26,,
3814,737,20,43,kg,1.8,B2606-013,2027-04-24,,
3815,737,13,40,roll,0.35,B2606-043,,,
3816,737,37,37,piece,1.1,B2606-003,2027-02-02,,
3817,738,2,94,piece,0.22,B2607-027,,,
3818,738,20,84,kg,1.8,B2607-048,2027-05-18,,
3819,738,15,89,liter,2.5,B2607-002,2026-11-13,,
3820,738,29,90,bottle,0.7,B2607-042,2027-04-06,,
3821,739,29,58,bottle,0.7,B2607-014,2027-04-07,,
3822,739,19,27,bottle,1.9,B2607-010,2027-02-19,,
3823,739,5,88,piece,0.3,B2607-024,,,
3824,739,30,26,bottle,2.5,B2607-011,2027-01-16,,
3825,739,17,91,liter,4.8,B2607-040,2027-03-18,,
3826,739,13,74,roll,0.35,B2607-026,,,
3827,739,3,63,piece,0.22,B2607-012,,,
3828,740,15,47,liter,2.5,B2609-014,2027-01-02,,
3829,740,1,49,piece,0.15,B2609-002,,,
3830,740,9,48,piece,0.08,B2609-013,,,
3831,740,2,52,piece,0.22,B2609-027,,,
3832,740,38,79,bottle,0.35,B2609-029,2027-01-31,,
3833,740,22,35,liter,3.6,B2609-043,2027-08-04,,
3834,740,26,78,can,0.55,B2609-024,2027-01-02,,
3835,740,7,76,piece,0.4,B2609-028,,,
3836,741,24,50,bottle,5.5,B2608-002,2027-03-18,,
3837,741,14,54,piece,0.5,B2608-046,,,
3838,741,4,36,piece,0.25,B2608-003,,,
3839,741,6,36,piece,0.05,B2608-035,,,
3840,741,12,57,box,0.6,B2608-030,,,
3841,741,15,28,liter,2.5,B2608-038,2026-12-06,,
3842,741,17,31,liter,4.8,B2608-030,2027-02-19,,
3843,741,32,40,tube,1.2,B2608-043,2027-02-03,,
3844,741,11,57,pack,0.1,B2608-004,,,
3845,742,7,69,piece,0.4,B2607-024,,,
3846,742,31,89,bottle,2.8,B2607-015,2027-07-30,,
3847,742,32,76,tube,1.2,B2607-010,2027-06-26,,
3848,742,21,100,liter,1.5,B2607-010,2027-04-20,,
3849,742,17,84,liter,4.8,B2607-005,2027-01-29,,
3850,742,27,39,bottle,0.3,B2607-021,2026-11-18,,
3851,742,40,94,cup,0.6,B2607-045,2027-04-22,,
3852,742,12,69,box,0.6,B2607-026,,,
3853,742,36,88,piece,0.7,B2607-019,2027-03-08,,
3854,742,2,84,piece,0.22,B2607-047,,,
3855,743,9,87,piece,0.08,B2607-030,,,
3856,743,6,85,piece,0.05,B2607-003,,,
3857,743,4,50,piece,0.25,B2607-045,,,
3858,743,8,64,piece,0.55,B2607-045,,,
3859,744,19,65,bottle,1.9,B2609-012,2027-06-07,,
3860,744,3,34,piece,0.22,B2609-032,,,
3861,744,15,33,liter,2.5,B2609-012,2027-03-26,,
3862,744,10,38,pair,0.45,B2609-032,,,
3863,744,23,69,can,2.2,B2609-048,2027-05-06,,
3864,744,7,51,piece,0.4,B2609-015,,,
3865,744,17,91,liter,4.8,B2609-030,2027-03-30,,
3866,745,21,89,liter,1.5,B2606-013,2027-01-09,,
3867,745,17,57,liter,4.8,B2606-019,2027-03-01,,
3868,745,38,76,bottle,0.35,B2606-002,2027-03-03,,
3869,745,25,84,can,0.6,B2606-034,2027-06-10,,
3870,745,13,85,roll,0.35,B2606-039,,,
3871,745,36,94,piece,0.7,B2606-022,2026-10-04,,
3872,745,1,54,piece,0.15,B2606-030,,,
3873,746,21,96,liter,1.5,B2604-048,2027-01-07,,
3874,746,13,73,roll,0.35,B2604-015,,,
3875,746,29,54,bottle,0.7,B2604-012,2027-03-17,,
3876,746,32,83,tube,1.2,B2604-031,2027-01-08,,
3877,746,17,41,liter,4.8,B2604-011,2027-01-28,,
3878,746,12,92,box,0.6,B2604-010,,,
3879,746,26,22,can,0.55,B2604-027,2026-09-08,,
3880,746,28,71,pack,0.8,B2604-023,2026-09-09,,
3881,746,14,38,piece,0.5,B2604-039,,,
3882,746,6,37,piece,0.05,B2604-002,,,
3883,747,14,75,piece,0.5,B2605-016,,,
3884,747,3,79,piece,0.22,B2605-043,,,
3885,747,10,39,pair,0.45,B2605-042,,,
3886,747,21,72,liter,1.5,B2605-012,2027-01-26,,
3887,747,37,43,piece,1.1,B2605-003,2027-04-05,,
3888,747,26,68,can,0.55,B2605-005,2027-02-15,,
3889,747,15,53,liter,2.5,B2605-040,2027-05-18,,
3890,748,3,30,piece,0.22,B2604-012,,,
3891,748,40,39,cup,0.6,B2604-007,2026-10-24,,
3892,748,18,29,bottle,2.1,B2604-024,2026-12-26,,
3893,748,37,85,piece,1.1,B2604-043,2026-09-23,,
3894,748,35,67,pack,0.5,B2604-035,2026-10-14,,
3895,748,15,75,liter,2.5,B2604-035,2027-02-26,,
3896,748,11,88,pack,0.1,B2604-032,,,
3897,748,5,71,piece,0.3,B2604-020,,,
3898,749,25,25,can,0.6,B2608-025,2027-02-24,,
3899,749,20,92,kg,1.8,B2608-033,2027-08-07,,
3900,749,9,76,piece,0.08,B2608-041,,,
3901,749,1,87,piece,0.15,B2608-031,,,
3902,750,20,34,kg,1.8,B2608-040,2027-02-08,,
3903,750,8,75,piece,0.55,B2608-010,,,
3904,750,28,42,pack,0.8,B2608-005,2027-03-06,,
3905,750,9,43,piece,0.08,B2608-002,,,
3906,750,14,59,piece,0.5,B2608-045,,,
3907,750,19,28,bottle,1.9,B2608-003,2027-04-22,,
3908,750,12,40,box,0.6,B2608-040,,,
3909,751,8,85,piece,0.55,B2604-045,,,
3910,751,6,45,piece,0.05,B2604-008,,,
3911,751,31,90,bottle,2.8,B2604-002,2026-08-27,,
3912,751,29,48,bottle,0.7,B2604-028,2027-03-02,,
3913,751,10,72,pair,0.45,B2604-002,,,
3914,751,27,41,bottle,0.3,B2604-046,2026-07-30,,
3915,751,18,27,bottle,2.1,B2604-001,2027-01-23,,
3916,751,7,45,piece,0.4,B2604-048,,,
3917,751,11,40,pack,0.1,B2604-035,,,
3918,752,3,90,piece,0.22,B2608-045,,,
3919,752,21,40,liter,1.5,B2608-027,2027-02-24,,
3920,752,12,92,box,0.6,B2608-050,,,
3921,752,18,98,bottle,2.1,B2608-004,2026-12-29,,
3922,752,16,77,bottle,3.2,B2608-026,2027-08-29,,
3923,752,34,75,pack,0.9,B2608-011,2027-07-21,,
3924,752,36,75,piece,0.7,B2608-016,2027-03-25,,
3925,752,1,42,piece,0.15,B2608-036,,,
3926,752,23,46,can,2.2,B2608-033,2027-06-14,,
3927,753,35,33,pack,0.5,B2607-001,2026-12-06,,
3928,753,26,44,can,0.55,B2607-010,2027-07-14,,
3929,753,12,40,box,0.6,B2607-013,,,
3930,753,39,48,can,1.3,B2607-046,2027-01-15,,
3931,753,30,32,bottle,2.5,B2607-044,2027-07-16,,
3932,753,7,48,piece,0.4,B2607-023,,,
3933,753,16,43,bottle,3.2,B2607-030,2026-11-30,,
3934,753,28,87,pack,0.8,B2607-031,2027-04-13,,
3935,753,20,22,kg,1.8,B2607-026,2027-07-02,,
3936,754,1,51,piece,0.15,B2604-050,,,
3937,754,35,29,pack,0.5,B2604-040,2026-09-30,,
3938,754,34,79,pack,0.9,B2604-039,2027-03-11,,
3939,754,7,72,piece,0.4,B2604-008,,,
3940,754,18,78,bottle,2.1,B2604-033,2026-09-21,,
3941,755,2,93,piece,0.22,B2608-007,,,
3942,755,10,37,pair,0.45,B2608-021,,,
3943,755,26,77,can,0.55,B2608-014,2027-05-03,,
3944,755,25,98,can,0.6,B2608-033,2027-02-18,,
3945,755,24,63,bottle,5.5,B2608-021,2027-03-21,,
3946,755,38,97,bottle,0.35,B2608-018,2027-07-07,,
3947,755,37,100,piece,1.1,B2608-041,2026-12-01,,
3948,755,11,76,pack,0.1,B2608-048,,,
3949,755,23,58,can,2.2,B2608-009,2026-12-08,,
3950,756,37,59,piece,1.1,B2609-044,2027-09-07,,
3951,756,26,52,can,0.55,B2609-036,2027-06-25,,
3952,756,32,99,tube,1.2,B2609-037,2027-05-21,,
3953,756,2,71,piece,0.22,B2609-018,,,
3954,756,36,29,piece,0.7,B2609-033,2027-04-05,,
3955,756,1,97,piece,0.15,B2609-033,,,
3956,756,30,58,bottle,2.5,B2609-008,2027-07-25,,
3957,757,35,60,pack,0.5,B2606-001,2026-12-20,,
3958,757,7,85,piece,0.4,B2606-026,,,
3959,757,25,21,can,0.6,B2606-021,2026-12-22,,
3960,757,19,35,bottle,1.9,B2606-003,2026-12-18,,
3961,757,40,71,cup,0.6,B2606-009,2027-05-18,,
3962,757,2,25,piece,0.22,B2606-026,,,
3963,757,17,71,liter,4.8,B2606-019,2026-10-27,,
3964,757,37,22,piece,1.1,B2606-035,2026-12-26,,
3965,758,13,53,roll,0.35,B2606-048,,,
3966,758,3,33,piece,0.22,B2606-036,,,
3967,758,22,64,liter,3.6,B2606-027,2027-01-25,,
3968,758,31,21,bottle,2.8,B2606-010,2027-05-12,,
3969,758,20,67,kg,1.8,B2606-001,2026-10-20,,
3970,758,35,20,pack,0.5,B2606-014,2026-10-19,,
3971,758,16,64,bottle,3.2,B2606-047,2027-04-13,,
3972,758,37,71,piece,1.1,B2606-007,2027-03-27,,
3973,759,19,35,bottle,1.9,B2606-034,2027-05-25,,
3974,759,28,40,pack,0.8,B2606-027,2026-10-13,,
3975,759,29,23,bottle,0.7,B2606-008,2027-01-08,,
3976,759,37,74,piece,1.1,B2606-024,2026-11-27,,
3977,759,4,26,piece,0.25,B2606-015,,,
3978,759,33,54,piece,0.8,B2606-019,2027-02-28,,
3979,759,31,52,bottle,2.8,B2606-009,2026-10-18,,
3980,759,2,70,piece,0.22,B2606-031,,,
3981,760,9,96,piece,0.08,B2607-028,,,
3982,760,8,81,piece,0.55,B2607-009,,,
3983,760,21,60,liter,1.5,B2607-028,2027-01-28,,
3984,760,23,43,can,2.2,B2607-012,2026-12-31,,
3985,760,40,97,cup,0.6,B2607-001,2027-04-16,,
3986,761,31,67,bottle,2.8,B2609-039,2027-04-22,,
3987,761,25,96,can,0.6,B2609-028,2027-06-14,,
3988,761,20,41,kg,1.8,B2609-007,2027-04-26,,
3989,761,35,88,pack,0.5,B2609-015,2027-06-07,,
3990,761,19,20,bottle,1.9,B2609-032,2027-02-08,,
3991,761,21,37,liter,1.5,B2609-019,2027-06-17,,
3992,762,12,38,box,0.6,B2604-041,,,
3993,762,6,79,piece,0.05,B2604-032,,,
3994,762,5,40,piece,0.3,B2604-028,,,
3995,762,31,54,bottle,2.8,B2604-035,2026-12-01,,
3996,762,16,99,bottle,3.2,B2604-023,2027-01-08,,
3997,763,21,61,liter,1.5,B2605-032,2027-03-03,,
3998,763,7,98,piece,0.4,B2605-006,,,
3999,763,26,77,can,0.55,B2605-005,2026-09-24,,
4000,763,8,63,piece,0.55,B2605-004,,,
4001,763,33,87,piece,0.8,B2605-041,2026-09-20,,
4002,764,15,87,liter,2.5,B2608-047,2027-04-26,,
4003,764,24,34,bottle,5.5,B2608-030,2027-01-25,,
4004,764,14,65,piece,0.5,B2608-038,,,
4005,764,23,58,can,2.2,B2608-045,2027-07-19,,
4006,764,10,45,pair,0.45,B2608-017,,,
4007,764,20,57,kg,1.8,B2608-039,2027-03-10,,
4008,764,29,24,bottle,0.7,B2608-022,2027-03-24,,
4009,765,5,88,piece,0.3,B2605-012,,,
4010,765,13,91,roll,0.35,B2605-005,,,
4011,765,16,65,bottle,3.2,B2605-012,2027-04-29,,
4012,765,34,89,pack,0.9,B2605-031,2026-12-05,,
4013,765,12,21,box,0.6,B2605-019,,,
4014,765,28,91,pack,0.8,B2605-028,2026-11-29,,
4015,765,3,60,piece,0.22,B2605-044,,,
4016,765,33,28,piece,0.8,B2605-021,2026-11-27,,
4017,765,31,35,bottle,2.8,B2605-029,2027-01-30,,
4018,765,17,72,liter,4.8,B2605-021,2026-12-13,,
4019,766,28,83,pack,0.8,B2607-006,2027-06-28,,
4020,766,31,76,bottle,2.8,B2607-048,2027-05-07,,
4021,766,13,40,roll,0.35,B2607-038,,,
4022,766,19,70,bottle,1.9,B2607-038,2026-11-28,,
4023,766,18,59,bottle,2.1,B2607-015,2027-02-10,,
4024,766,25,70,can,0.6,B2607-009,2027-03-06,,
4025,767,4,63,piece,0.25,B2606-031,,,
4026,767,35,49,pack,0.5,B2606-037,2026-10-06,,
4027,767,39,88,can,1.3,B2606-015,2027-03-21,,
4028,767,36,40,piece,0.7,B2606-007,2026-11-10,,
4029,768,34,93,pack,0.9,B2606-023,2027-06-20,,
4030,768,20,36,kg,1.8,B2606-034,2026-11-22,,
4031,768,30,95,bottle,2.5,B2606-004,2026-12-27,,
4032,768,24,38,bottle,5.5,B2606-005,2027-05-10,,
4033,768,29,94,bottle,0.7,B2606-030,2027-06-29,,
4034,768,11,97,pack,0.1,B2606-043,,,
4035,768,37,100,piece,1.1,B2606-005,2026-12-06,,
4036,768,32,58,tube,1.2,B2606-034,2027-01-01,,
4037,768,22,97,liter,3.6,B2606-029,2026-11-07,,
4038,768,21,79,liter,1.5,B2606-001,2027-03-14,,
4039,769,11,87,pack,0.1,B2606-033,,,
4040,769,34,63,pack,0.9,B2606-049,2027-05-06,,
4041,769,26,88,can,0.55,B2606-008,2026-11-06,,
4042,769,39,93,can,1.3,B2606-016,2027-06-04,,
4043,769,7,88,piece,0.4,B2606-006,,,
4044,769,6,55,piece,0.05,B2606-022,,,
4045,769,12,93,box,0.6,B2606-001,,,
4046,769,14,22,piece,0.5,B2606-048,,,
4047,769,2,99,piece,0.22,B2606-043,,,
4048,769,36,93,piece,0.7,B2606-041,2026-12-20,,
4049,770,28,84,pack,0.8,B2607-035,2026-11-05,,
4050,770,38,79,bottle,0.35,B2607-048,2026-11-01,,
4051,770,14,60,piece,0.5,B2607-013,,,
4052,770,15,36,liter,2.5,B2607-044,2027-05-16,,
4053,770,24,22,bottle,5.5,B2607-048,2026-12-27,,
4054,770,6,35,piece,0.05,B2607-037,,,
4055,770,21,50,liter,1.5,B2607-038,2026-12-05,,
4056,771,23,87,can,2.2,B2608-021,2027-08-27,,
4057,771,8,32,piece,0.55,B2608-033,,,
4058,771,16,35,bottle,3.2,B2608-003,2027-04-21,,
4059,771,28,61,pack,0.8,B2608-004,2027-02-04,,
4060,771,3,58,piece,0.22,B2608-014,,,
4061,771,4,79,piece,0.25,B2608-014,,,
4062,772,23,20,can,2.2,B2606-041,2027-03-15,,
4063,772,33,89,piece,0.8,B2606-021,2027-05-04,,
4064,772,26,31,can,0.55,B2606-024,2027-02-22,,
4065,772,37,77,piece,1.1,B2606-043,2027-01-30,,
4066,772,16,31,bottle,3.2,B2606-042,2027-03-16,,
4067,772,14,69,piece,0.5,B2606-025,,,
4068,772,40,50,cup,0.6,B2606-038,2027-06-02,,
4069,772,36,92,piece,0.7,B2606-012,2027-03-27,,
4070,772,4,64,piece,0.25,B2606-008,,,
4071,773,33,68,piece,0.8,B2606-027,2026-09-29,,
4072,773,16,63,bottle,3.2,B2606-016,2027-02-25,,
4073,773,31,42,bottle,2.8,B2606-034,2026-11-08,,
4074,773,32,68,tube,1.2,B2606-017,2027-02-05,,
4075,773,12,28,box,0.6,B2606-046,,,
4076,773,30,72,bottle,2.5,B2606-005,2026-10-14,,
4077,773,2,33,piece,0.22,B2606-040,,,
4078,773,11,79,pack,0.1,B2606-021,,,
4079,773,27,46,bottle,0.3,B2606-022,2027-06-28,,
4080,773,25,58,can,0.6,B2606-027,2027-02-09,,
4081,774,1,46,piece,0.15,B2604-028,,,
4082,774,17,37,liter,4.8,B2604-033,2026-09-17,,
4083,774,10,53,pair,0.45,B2604-041,,,
4084,774,32,53,tube,1.2,B2604-044,2026-12-12,,
4085,774,27,78,bottle,0.3,B2604-008,2027-04-23,,
4086,775,17,88,liter,4.8,B2605-049,2027-01-15,,
4087,775,39,98,can,1.3,B2605-033,2027-04-15,,
4088,775,1,54,piece,0.15,B2605-021,,,
4089,775,37,64,piece,1.1,B2605-008,2026-12-25,,
4090,775,12,62,box,0.6,B2605-035,,,
4091,775,36,78,piece,0.7,B2605-009,2027-05-04,,
4092,775,33,35,piece,0.8,B2605-030,2027-01-09,,
4093,776,18,90,bottle,2.1,B2609-031,2027-08-10,,
4094,776,3,65,piece,0.22,B2609-033,,,
4095,776,13,48,roll,0.35,B2609-047,,,
4096,776,20,49,kg,1.8,B2609-014,2027-07-22,,
4097,776,14,56,piece,0.5,B2609-049,,,
4098,776,33,80,piece,0.8,B2609-029,2027-01-03,,
4099,776,34,52,pack,0.9,B2609-007,2027-04-25,,
4100,776,5,21,piece,0.3,B2609-039,,,
4101,776,32,21,tube,1.2,B2609-040,2027-02-22,,
4102,776,7,64,piece,0.4,B2609-013,,,
4103,777,3,30,piece,0.22,B2605-040,,,
4104,777,17,24,liter,4.8,B2605-047,2027-02-25,,
4105,777,5,77,piece,0.3,B2605-030,,,
4106,777,11,37,pack,0.1,B2605-001,,,
4107,777,15,54,liter,2.5,B2605-049,2027-01-17,,
4108,778,36,98,piece,0.7,B2604-020,2026-09-15,,
4109,778,5,38,piece,0.3,B2604-010,,,
4110,778,4,55,piece,0.25,B2604-035,,,
4111,778,40,79,cup,0.6,B2604-002,2027-03-27,,
4112,778,31,39,bottle,2.8,B2604-048,2027-02-11,,
4113,779,10,42,pair,0.45,B2605-027,,,
4114,779,12,32,box,0.6,B2605-007,,,
4115,779,19,88,bottle,1.9,B2605-040,2026-09-22,,
4116,779,1,24,piece,0.15,B2605-013,,,
4117,779,17,59,liter,4.8,B2605-025,2027-05-23,,
4118,779,14,75,piece,0.5,B2605-007,,,
4119,780,3,72,piece,0.22,B2604-035,,,
4120,780,40,94,cup,0.6,B2604-002,2026-08-01,,
4121,780,22,63,liter,3.6,B2604-030,2027-03-27,,
4122,780,16,97,bottle,3.2,B2604-021,2026-08-11,,
4123,780,26,27,can,0.55,B2604-007,2027-04-06,,
4124,780,27,51,bottle,0.3,B2604-009,2027-01-13,,
4125,780,9,92,piece,0.08,B2604-001,,,
4126,780,5,23,piece,0.3,B2604-030,,,
4127,780,24,47,bottle,5.5,B2604-040,2027-03-20,,
4128,780,7,31,piece,0.4,B2604-013,,,
4129,781,37,38,piece,1.1,B2605-012,2026-10-27,,
4130,781,3,23,piece,0.22,B2605-017,,,
4131,781,33,60,piece,0.8,B2605-046,2027-01-17,,
4132,781,31,72,bottle,2.8,B2605-008,2027-05-07,,
4133,781,5,34,piece,0.3,B2605-037,,,
4134,781,25,41,can,0.6,B2605-036,2026-10-01,,
4135,781,32,80,tube,1.2,B2605-001,2027-04-16,,
4136,782,9,21,piece,0.08,B2605-010,,,
4137,782,12,63,box,0.6,B2605-012,,,
4138,782,24,47,bottle,5.5,B2605-038,2027-01-14,,
4139,782,10,30,pair,0.45,B2605-010,,,
4140,782,6,22,piece,0.05,B2605-038,,,
4141,782,26,54,can,0.55,B2605-020,2027-04-14,,
4142,783,23,97,can,2.2,B2607-020,2026-11-07,,
4143,783,21,37,liter,1.5,B2607-018,2027-04-20,,
4144,783,7,65,piece,0.4,B2607-038,,,
4145,783,15,89,liter,2.5,B2607-023,2026-12-22,,
4146,783,9,68,piece,0.08,B2607-003,,,
4147,783,31,36,bottle,2.8,B2607-007,2026-12-19,,
4148,783,27,93,bottle,0.3,B2607-043,2026-12-21,,
4149,783,6,60,piece,0.05,B2607-035,,,
4150,783,30,94,bottle,2.5,B2607-006,2027-01-21,,
4151,784,33,78,piece,0.8,B2609-017,2027-01-10,,
4152,784,27,85,bottle,0.3,B2609-048,2027-04-26,,
4153,784,9,76,piece,0.08,B2609-043,,,
4154,784,14,91,piece,0.5,B2609-006,,,
4155,784,30,92,bottle,2.5,B2609-008,2027-01-14,,
4156,784,25,82,can,0.6,B2609-019,2027-03-05,,
4157,784,4,30,piece,0.25,B2609-028,,,
4158,784,1,58,piece,0.15,B2609-003,,,
4159,784,18,26,bottle,2.1,B2609-026,2027-09-25,,
4160,784,10,45,pair,0.45,B2609-026,,,
4161,785,29,93,bottle,0.7,B2606-034,2027-04-25,,
4162,785,3,60,piece,0.22,B2606-018,,,
4163,785,33,75,piece,0.8,B2606-012,2026-12-11,,
4164,785,11,21,pack,0.1,B2606-011,,,
4165,785,8,28,piece,0.55,B2606-011,,,
4166,785,15,45,liter,2.5,B2606-048,2027-06-05,,
4167,786,4,68,piece,0.25,B2606-016,,,
4168,786,2,57,piece,0.22,B2606-048,,,
4169,786,36,71,piece,0.7,B2606-030,2027-01-28,,
4170,786,34,95,pack,0.9,B2606-008,2026-09-30,,
4171,787,6,94,piece,0.05,B2604-044,,,
4172,787,25,88,can,0.6,B2604-050,2027-03-21,,
4173,787,37,99,piece,1.1,B2604-003,2027-02-12,,
4174,787,10,21,pair,0.45,B2604-035,,,
4175,787,16,63,bottle,3.2,B2604-020,2026-09-09,,
4176,787,9,90,piece,0.08,B2604-028,,,
4177,787,32,81,tube,1.2,B2604-017,2027-02-12,,
4178,787,13,51,roll,0.35,B2604-003,,,
4179,787,30,26,bottle,2.5,B2604-002,2027-04-18,,
4180,787,24,55,bottle,5.5,B2604-044,2026-11-18,,
4181,788,21,67,liter,1.5,B2604-045,2026-12-06,,
4182,788,6,62,piece,0.05,B2604-033,,,
4183,788,39,38,can,1.3,B2604-049,2027-01-01,,
4184,788,36,39,piece,0.7,B2604-002,2026-10-31,,
4185,789,2,71,piece,0.22,B2604-028,,,
4186,789,29,76,bottle,0.7,B2604-010,2026-08-25,,
4187,789,21,32,liter,1.5,B2604-004,2026-10-07,,
4188,789,25,54,can,0.6,B2604-042,2026-08-06,,
4189,789,17,37,liter,4.8,B2604-046,2026-09-13,,
4190,789,19,84,bottle,1.9,B2604-010,2026-10-07,,
4191,789,18,48,bottle,2.1,B2604-033,2027-03-14,,
4192,790,32,79,tube,1.2,B2605-015,2027-02-28,,
4193,790,17,44,liter,4.8,B2605-027,2027-02-04,,
4194,790,21,40,liter,1.5,B2605-015,2027-02-21,,
4195,790,9,78,piece,0.08,B2605-002,,,
4196,791,7,100,piece,0.4,B2604-021,,,
4197,791,36,64,piece,0.7,B2604-037,2026-08-06,,
4198,791,8,56,piece,0.55,B2604-043,,,
4199,791,27,70,bottle,0.3,B2604-008,2026-08-13,,
4200,791,5,27,piece,0.3,B2604-030,,,
4201,791,12,97,box,0.6,B2604-012,,,
4202,792,10,92,pair,0.45,B2606-048,,,
4203,792,30,100,bottle,2.5,B2606-028,2026-10-31,,
4204,792,6,64,piece,0.05,B2606-006,,,
4205,792,2,36,piece,0.22,B2606-002,,,
4206,792,38,53,bottle,0.35,B2606-035,2027-04-05,,
4207,792,12,21,box,0.6,B2606-032,,,
4208,792,13,74,roll,0.35,B2606-028,,,
4209,792,9,61,piece,0.08,B2606-015,,,
4210,793,15,50,liter,2.5,B2607-001,2027-05-01,,
4211,793,20,83,kg,1.8,B2607-047,2027-02-07,,
4212,793,25,59,can,0.6,B2607-032,2027-01-10,,
4213,793,2,53,piece,0.22,B2607-016,,,
4214,793,7,64,piece,0.4,B2607-036,,,
4215,793,6,73,piece,0.05,B2607-006,,,
4216,793,22,82,liter,3.6,B2607-027,2027-07-26,,
4217,794,29,71,bottle,0.7,B2606-010,2026-12-01,,
4218,794,1,55,piece,0.15,B2606-005,,,
4219,794,33,99,piece,0.8,B2606-029,2027-04-23,,
4220,794,26,89,can,0.55,B2606-029,2027-06-14,,
4221,794,27,54,bottle,0.3,B2606-040,2027-02-23,,
4222,794,25,80,can,0.6,B2606-030,2026-11-06,,
4223,794,23,40,can,2.2,B2606-038,2026-10-26,,
4224,795,33,50,piece,0.8,B2604-021,2026-12-13,,
4225,795,37,46,piece,1.1,B2604-020,2026-08-23,,
4226,795,31,59,bottle,2.8,B2604-047,2027-02-26,,
4227,795,20,68,kg,1.8,B2604-036,2026-10-13,,
4228,795,10,34,pair,0.45,B2604-010,,,
4229,795,9,31,piece,0.08,B2604-022,,,
4230,796,2,35,piece,0.22,B2608-007,,,
4231,796,26,98,can,0.55,B2608-032,2027-03-08,,
4232,796,18,89,bottle,2.1,B2608-036,2027-01-08,,
4233,796,19,87,bottle,1.9,B2608-010,2027-07-23,,
4234,796,6,51,piece,0.05,B2608-001,,,
4235,797,33,53,piece,0.8,B2606-050,2026-10-06,,
4236,797,12,64,box,0.6,B2606-007,,,
4237,797,5,32,piece,0.3,B2606-003,,,
4238,797,34,43,pack,0.9,B2606-006,2026-12-18,,
4239,797,37,67,piece,1.1,B2606-020,2027-01-05,,
4240,797,18,55,bottle,2.1,B2606-006,2026-12-31,,
4241,797,27,51,bottle,0.3,B2606-002,2026-11-26,,
4242,797,2,71,piece,0.22,B2606-004,,,
4243,797,26,59,can,0.55,B2606-040,2027-06-24,,
4244,797,13,74,roll,0.35,B2606-001,,,
4245,798,4,90,piece,0.25,B2605-038,,,
4246,798,13,99,roll,0.35,B2605-039,,,
4247,798,7,26,piece,0.4,B2605-006,,,
4248,798,39,31,can,1.3,B2605-018,2026-09-11,,
4249,798,29,21,bottle,0.7,B2605-014,2027-01-25,,
4250,799,36,98,piece,0.7,B2605-049,2026-09-21,,
4251,799,27,84,bottle,0.3,B2605-017,2026-10-15,,
4252,799,3,94,piece,0.22,B2605-042,,,
4253,799,7,56,piece,0.4,B2605-041,,,
4254,799,25,79,can,0.6,B2605-034,2027-02-10,,
4255,799,10,66,pair,0.45,B2605-001,,,
4256,799,23,100,can,2.2,B2605-008,2026-10-04,,
4257,800,31,76,bottle,2.8,B2606-034,2026-09-28,,
4258,800,11,80,pack,0.1,B2606-009,,,
4259,800,36,79,piece,0.7,B2606-039,2026-10-25,,
4260,800,34,49,pack,0.9,B2606-030,2026-11-23,,
